[
  {
    "name": "Application Start",
    "start": 1587831094984,
    "end": 1587831095304,
    "duration": 320,
    "pid": 26441,
    "index": 0
  },
  {
    "name": "Load Plugin",
    "start": 1587831094987,
    "end": 1587831094995,
    "duration": 8,
    "pid": 26441,
    "index": 1
  },
  {
    "name": "Load Config",
    "start": 1587831094995,
    "end": 1587831095009,
    "duration": 14,
    "pid": 26441,
    "index": 2
  },
  {
    "name": "Require(0) config/config.default.js",
    "start": 1587831094995,
    "end": 1587831094996,
    "duration": 1,
    "pid": 26441,
    "index": 3
  },
  {
    "name": "Require(1) node_modules/egg-session/config/config.default.js",
    "start": 1587831094997,
    "end": 1587831094997,
    "duration": 0,
    "pid": 26441,
    "index": 4
  },
  {
    "name": "Require(2) node_modules/egg-security/config/config.default.js",
    "start": 1587831094997,
    "end": 1587831094998,
    "duration": 1,
    "pid": 26441,
    "index": 5
  },
  {
    "name": "Require(3) node_modules/egg-jsonp/config/config.default.js",
    "start": 1587831094998,
    "end": 1587831094999,
    "duration": 1,
    "pid": 26441,
    "index": 6
  },
  {
    "name": "Require(4) node_modules/egg-onerror/config/config.default.js",
    "start": 1587831094999,
    "end": 1587831094999,
    "duration": 0,
    "pid": 26441,
    "index": 7
  },
  {
    "name": "Require(5) node_modules/egg-i18n/config/config.default.js",
    "start": 1587831094999,
    "end": 1587831095000,
    "duration": 1,
    "pid": 26441,
    "index": 8
  },
  {
    "name": "Require(6) node_modules/egg-watcher/config/config.default.js",
    "start": 1587831095000,
    "end": 1587831095001,
    "duration": 1,
    "pid": 26441,
    "index": 9
  },
  {
    "name": "Require(7) node_modules/egg-schedule/config/config.default.js",
    "start": 1587831095001,
    "end": 1587831095001,
    "duration": 0,
    "pid": 26441,
    "index": 10
  },
  {
    "name": "Require(8) node_modules/egg-multipart/config/config.default.js",
    "start": 1587831095001,
    "end": 1587831095002,
    "duration": 1,
    "pid": 26441,
    "index": 11
  },
  {
    "name": "Require(9) node_modules/egg-development/config/config.default.js",
    "start": 1587831095002,
    "end": 1587831095002,
    "duration": 0,
    "pid": 26441,
    "index": 12
  },
  {
    "name": "Require(10) node_modules/egg-logrotator/config/config.default.js",
    "start": 1587831095002,
    "end": 1587831095003,
    "duration": 1,
    "pid": 26441,
    "index": 13
  },
  {
    "name": "Require(11) node_modules/egg-static/config/config.default.js",
    "start": 1587831095003,
    "end": 1587831095003,
    "duration": 0,
    "pid": 26441,
    "index": 14
  },
  {
    "name": "Require(12) node_modules/egg-view/config/config.default.js",
    "start": 1587831095003,
    "end": 1587831095004,
    "duration": 1,
    "pid": 26441,
    "index": 15
  },
  {
    "name": "Require(13) node_modules/_egg-mysql@3.0.0@egg-mysql/config/config.default.js",
    "start": 1587831095004,
    "end": 1587831095004,
    "duration": 0,
    "pid": 26441,
    "index": 16
  },
  {
    "name": "Require(14) node_modules/_egg-view-ejs@2.0.1@egg-view-ejs/config/config.default.js",
    "start": 1587831095004,
    "end": 1587831095005,
    "duration": 1,
    "pid": 26441,
    "index": 17
  },
  {
    "name": "Require(15) node_modules/egg/config/config.default.js",
    "start": 1587831095005,
    "end": 1587831095005,
    "duration": 0,
    "pid": 26441,
    "index": 18
  },
  {
    "name": "Require(16) config/config.default.js",
    "start": 1587831095006,
    "end": 1587831095006,
    "duration": 0,
    "pid": 26441,
    "index": 19
  },
  {
    "name": "Require(17) node_modules/egg-security/config/config.local.js",
    "start": 1587831095007,
    "end": 1587831095007,
    "duration": 0,
    "pid": 26441,
    "index": 20
  },
  {
    "name": "Require(18) node_modules/egg-watcher/config/config.local.js",
    "start": 1587831095007,
    "end": 1587831095007,
    "duration": 0,
    "pid": 26441,
    "index": 21
  },
  {
    "name": "Require(19) node_modules/egg-view/config/config.local.js",
    "start": 1587831095008,
    "end": 1587831095008,
    "duration": 0,
    "pid": 26441,
    "index": 22
  },
  {
    "name": "Require(20) node_modules/_egg-view-ejs@2.0.1@egg-view-ejs/config/config.local.js",
    "start": 1587831095008,
    "end": 1587831095008,
    "duration": 0,
    "pid": 26441,
    "index": 23
  },
  {
    "name": "Require(21) node_modules/egg/config/config.local.js",
    "start": 1587831095009,
    "end": 1587831095009,
    "duration": 0,
    "pid": 26441,
    "index": 24
  },
  {
    "name": "Load extend/application.js",
    "start": 1587831095010,
    "end": 1587831095015,
    "duration": 5,
    "pid": 26441,
    "index": 25
  },
  {
    "name": "Require(22) node_modules/egg-session/app/extend/application.js",
    "start": 1587831095010,
    "end": 1587831095010,
    "duration": 0,
    "pid": 26441,
    "index": 26
  },
  {
    "name": "Require(23) node_modules/egg-security/app/extend/application.js",
    "start": 1587831095010,
    "end": 1587831095011,
    "duration": 1,
    "pid": 26441,
    "index": 27
  },
  {
    "name": "Require(24) node_modules/egg-jsonp/app/extend/application.js",
    "start": 1587831095011,
    "end": 1587831095012,
    "duration": 1,
    "pid": 26441,
    "index": 28
  },
  {
    "name": "Require(25) node_modules/egg-logrotator/app/extend/application.js",
    "start": 1587831095013,
    "end": 1587831095013,
    "duration": 0,
    "pid": 26441,
    "index": 29
  },
  {
    "name": "Require(26) node_modules/egg-view/app/extend/application.js",
    "start": 1587831095014,
    "end": 1587831095014,
    "duration": 0,
    "pid": 26441,
    "index": 30
  },
  {
    "name": "Load extend/request.js",
    "start": 1587831095015,
    "end": 1587831095018,
    "duration": 3,
    "pid": 26441,
    "index": 31
  },
  {
    "name": "Require(27) node_modules/egg/app/extend/request.js",
    "start": 1587831095016,
    "end": 1587831095017,
    "duration": 1,
    "pid": 26441,
    "index": 32
  },
  {
    "name": "Load extend/response.js",
    "start": 1587831095018,
    "end": 1587831095021,
    "duration": 3,
    "pid": 26441,
    "index": 33
  },
  {
    "name": "Require(28) node_modules/egg/app/extend/response.js",
    "start": 1587831095019,
    "end": 1587831095020,
    "duration": 1,
    "pid": 26441,
    "index": 34
  },
  {
    "name": "Load extend/context.js",
    "start": 1587831095021,
    "end": 1587831095059,
    "duration": 38,
    "pid": 26441,
    "index": 35
  },
  {
    "name": "Require(29) node_modules/egg-security/app/extend/context.js",
    "start": 1587831095021,
    "end": 1587831095025,
    "duration": 4,
    "pid": 26441,
    "index": 36
  },
  {
    "name": "Require(30) node_modules/egg-jsonp/app/extend/context.js",
    "start": 1587831095026,
    "end": 1587831095026,
    "duration": 0,
    "pid": 26441,
    "index": 37
  },
  {
    "name": "Require(31) node_modules/egg-i18n/app/extend/context.js",
    "start": 1587831095026,
    "end": 1587831095027,
    "duration": 1,
    "pid": 26441,
    "index": 38
  },
  {
    "name": "Require(32) node_modules/egg-multipart/app/extend/context.js",
    "start": 1587831095027,
    "end": 1587831095055,
    "duration": 28,
    "pid": 26441,
    "index": 39
  },
  {
    "name": "Require(33) node_modules/egg-view/app/extend/context.js",
    "start": 1587831095056,
    "end": 1587831095056,
    "duration": 0,
    "pid": 26441,
    "index": 40
  },
  {
    "name": "Require(34) node_modules/egg/app/extend/context.js",
    "start": 1587831095057,
    "end": 1587831095058,
    "duration": 1,
    "pid": 26441,
    "index": 41
  },
  {
    "name": "Load extend/helper.js",
    "start": 1587831095059,
    "end": 1587831095072,
    "duration": 13,
    "pid": 26441,
    "index": 42
  },
  {
    "name": "Require(35) node_modules/egg-security/app/extend/helper.js",
    "start": 1587831095059,
    "end": 1587831095070,
    "duration": 11,
    "pid": 26441,
    "index": 43
  },
  {
    "name": "Require(36) node_modules/egg/app/extend/helper.js",
    "start": 1587831095071,
    "end": 1587831095071,
    "duration": 0,
    "pid": 26441,
    "index": 44
  },
  {
    "name": "Load app.js",
    "start": 1587831095072,
    "end": 1587831095098,
    "duration": 26,
    "pid": 26441,
    "index": 45
  },
  {
    "name": "Require(37) node_modules/egg-session/app.js",
    "start": 1587831095072,
    "end": 1587831095072,
    "duration": 0,
    "pid": 26441,
    "index": 46
  },
  {
    "name": "Require(38) node_modules/egg-security/app.js",
    "start": 1587831095073,
    "end": 1587831095073,
    "duration": 0,
    "pid": 26441,
    "index": 47
  },
  {
    "name": "Require(39) node_modules/egg-onerror/app.js",
    "start": 1587831095074,
    "end": 1587831095077,
    "duration": 3,
    "pid": 26441,
    "index": 48
  },
  {
    "name": "Require(40) node_modules/egg-i18n/app.js",
    "start": 1587831095078,
    "end": 1587831095084,
    "duration": 6,
    "pid": 26441,
    "index": 49
  },
  {
    "name": "Require(41) node_modules/egg-watcher/app.js",
    "start": 1587831095084,
    "end": 1587831095086,
    "duration": 2,
    "pid": 26441,
    "index": 50
  },
  {
    "name": "Require(42) node_modules/egg-schedule/app.js",
    "start": 1587831095086,
    "end": 1587831095087,
    "duration": 1,
    "pid": 26441,
    "index": 51
  },
  {
    "name": "Require(43) node_modules/egg-multipart/app.js",
    "start": 1587831095087,
    "end": 1587831095088,
    "duration": 1,
    "pid": 26441,
    "index": 52
  },
  {
    "name": "Require(44) node_modules/egg-development/app.js",
    "start": 1587831095088,
    "end": 1587831095088,
    "duration": 0,
    "pid": 26441,
    "index": 53
  },
  {
    "name": "Require(45) node_modules/egg-logrotator/app.js",
    "start": 1587831095088,
    "end": 1587831095088,
    "duration": 0,
    "pid": 26441,
    "index": 54
  },
  {
    "name": "Require(46) node_modules/egg-static/app.js",
    "start": 1587831095089,
    "end": 1587831095089,
    "duration": 0,
    "pid": 26441,
    "index": 55
  },
  {
    "name": "Require(47) node_modules/_egg-mysql@3.0.0@egg-mysql/app.js",
    "start": 1587831095089,
    "end": 1587831095098,
    "duration": 9,
    "pid": 26441,
    "index": 56
  },
  {
    "name": "Require(48) node_modules/_egg-view-ejs@2.0.1@egg-view-ejs/app.js",
    "start": 1587831095098,
    "end": 1587831095098,
    "duration": 0,
    "pid": 26441,
    "index": 57
  },
  {
    "name": "Before Start in node_modules/egg-watcher/lib/init.js:15:14",
    "start": 1587831095105,
    "end": 1587831095228,
    "duration": 123,
    "pid": 26441,
    "index": 58
  },
  {
    "name": "Before Start in node_modules/_egg-mysql@3.0.0@egg-mysql/lib/mysql.js:20:7",
    "start": 1587831095164,
    "end": 1587831095303,
    "duration": 139,
    "pid": 26441,
    "index": 59
  },
  {
    "name": "Load Service",
    "start": 1587831095166,
    "end": 1587831095170,
    "duration": 4,
    "pid": 26441,
    "index": 60
  },
  {
    "name": "Load \"service\" to Context",
    "start": 1587831095166,
    "end": 1587831095170,
    "duration": 4,
    "pid": 26441,
    "index": 61
  },
  {
    "name": "Load Middleware",
    "start": 1587831095170,
    "end": 1587831095202,
    "duration": 32,
    "pid": 26441,
    "index": 62
  },
  {
    "name": "Load \"middlewares\" to Application",
    "start": 1587831095170,
    "end": 1587831095198,
    "duration": 28,
    "pid": 26441,
    "index": 63
  },
  {
    "name": "Load Controller",
    "start": 1587831095202,
    "end": 1587831095214,
    "duration": 12,
    "pid": 26441,
    "index": 64
  },
  {
    "name": "Load \"controller\" to Application",
    "start": 1587831095202,
    "end": 1587831095214,
    "duration": 12,
    "pid": 26441,
    "index": 65
  },
  {
    "name": "Load Router",
    "start": 1587831095214,
    "end": 1587831095216,
    "duration": 2,
    "pid": 26441,
    "index": 66
  },
  {
    "name": "Require(49) app/router.js",
    "start": 1587831095215,
    "end": 1587831095215,
    "duration": 0,
    "pid": 26441,
    "index": 67
  },
  {
    "name": "Before Start in node_modules/egg-core/lib/egg.js:303:10",
    "start": 1587831095215,
    "end": 1587831095223,
    "duration": 8,
    "pid": 26441,
    "index": 68
  }
]