[
  {
    "name": "Application Start",
    "start": 1587830804975,
    "end": 1587830805320,
    "duration": 345,
    "pid": 26147,
    "index": 0
  },
  {
    "name": "Load Plugin",
    "start": 1587830804978,
    "end": 1587830804985,
    "duration": 7,
    "pid": 26147,
    "index": 1
  },
  {
    "name": "Load Config",
    "start": 1587830804985,
    "end": 1587830804998,
    "duration": 13,
    "pid": 26147,
    "index": 2
  },
  {
    "name": "Require(0) config/config.default.js",
    "start": 1587830804986,
    "end": 1587830804986,
    "duration": 0,
    "pid": 26147,
    "index": 3
  },
  {
    "name": "Require(1) node_modules/egg-session/config/config.default.js",
    "start": 1587830804987,
    "end": 1587830804987,
    "duration": 0,
    "pid": 26147,
    "index": 4
  },
  {
    "name": "Require(2) node_modules/egg-security/config/config.default.js",
    "start": 1587830804988,
    "end": 1587830804988,
    "duration": 0,
    "pid": 26147,
    "index": 5
  },
  {
    "name": "Require(3) node_modules/egg-jsonp/config/config.default.js",
    "start": 1587830804988,
    "end": 1587830804989,
    "duration": 1,
    "pid": 26147,
    "index": 6
  },
  {
    "name": "Require(4) node_modules/egg-onerror/config/config.default.js",
    "start": 1587830804989,
    "end": 1587830804989,
    "duration": 0,
    "pid": 26147,
    "index": 7
  },
  {
    "name": "Require(5) node_modules/egg-i18n/config/config.default.js",
    "start": 1587830804989,
    "end": 1587830804990,
    "duration": 1,
    "pid": 26147,
    "index": 8
  },
  {
    "name": "Require(6) node_modules/egg-watcher/config/config.default.js",
    "start": 1587830804990,
    "end": 1587830804990,
    "duration": 0,
    "pid": 26147,
    "index": 9
  },
  {
    "name": "Require(7) node_modules/egg-schedule/config/config.default.js",
    "start": 1587830804991,
    "end": 1587830804991,
    "duration": 0,
    "pid": 26147,
    "index": 10
  },
  {
    "name": "Require(8) node_modules/egg-multipart/config/config.default.js",
    "start": 1587830804991,
    "end": 1587830804991,
    "duration": 0,
    "pid": 26147,
    "index": 11
  },
  {
    "name": "Require(9) node_modules/egg-development/config/config.default.js",
    "start": 1587830804992,
    "end": 1587830804992,
    "duration": 0,
    "pid": 26147,
    "index": 12
  },
  {
    "name": "Require(10) node_modules/egg-logrotator/config/config.default.js",
    "start": 1587830804992,
    "end": 1587830804992,
    "duration": 0,
    "pid": 26147,
    "index": 13
  },
  {
    "name": "Require(11) node_modules/egg-static/config/config.default.js",
    "start": 1587830804993,
    "end": 1587830804993,
    "duration": 0,
    "pid": 26147,
    "index": 14
  },
  {
    "name": "Require(12) node_modules/egg-view/config/config.default.js",
    "start": 1587830804993,
    "end": 1587830804993,
    "duration": 0,
    "pid": 26147,
    "index": 15
  },
  {
    "name": "Require(13) node_modules/_egg-mysql@3.0.0@egg-mysql/config/config.default.js",
    "start": 1587830804994,
    "end": 1587830804994,
    "duration": 0,
    "pid": 26147,
    "index": 16
  },
  {
    "name": "Require(14) node_modules/_egg-view-ejs@2.0.1@egg-view-ejs/config/config.default.js",
    "start": 1587830804994,
    "end": 1587830804994,
    "duration": 0,
    "pid": 26147,
    "index": 17
  },
  {
    "name": "Require(15) node_modules/egg/config/config.default.js",
    "start": 1587830804995,
    "end": 1587830804995,
    "duration": 0,
    "pid": 26147,
    "index": 18
  },
  {
    "name": "Require(16) config/config.default.js",
    "start": 1587830804996,
    "end": 1587830804996,
    "duration": 0,
    "pid": 26147,
    "index": 19
  },
  {
    "name": "Require(17) node_modules/egg-security/config/config.local.js",
    "start": 1587830804996,
    "end": 1587830804997,
    "duration": 1,
    "pid": 26147,
    "index": 20
  },
  {
    "name": "Require(18) node_modules/egg-watcher/config/config.local.js",
    "start": 1587830804997,
    "end": 1587830804997,
    "duration": 0,
    "pid": 26147,
    "index": 21
  },
  {
    "name": "Require(19) node_modules/egg-view/config/config.local.js",
    "start": 1587830804997,
    "end": 1587830804998,
    "duration": 1,
    "pid": 26147,
    "index": 22
  },
  {
    "name": "Require(20) node_modules/_egg-view-ejs@2.0.1@egg-view-ejs/config/config.local.js",
    "start": 1587830804998,
    "end": 1587830804998,
    "duration": 0,
    "pid": 26147,
    "index": 23
  },
  {
    "name": "Require(21) node_modules/egg/config/config.local.js",
    "start": 1587830804998,
    "end": 1587830804998,
    "duration": 0,
    "pid": 26147,
    "index": 24
  },
  {
    "name": "Load extend/application.js",
    "start": 1587830804999,
    "end": 1587830805005,
    "duration": 6,
    "pid": 26147,
    "index": 25
  },
  {
    "name": "Require(22) node_modules/egg-session/app/extend/application.js",
    "start": 1587830805000,
    "end": 1587830805000,
    "duration": 0,
    "pid": 26147,
    "index": 26
  },
  {
    "name": "Require(23) node_modules/egg-security/app/extend/application.js",
    "start": 1587830805000,
    "end": 1587830805001,
    "duration": 1,
    "pid": 26147,
    "index": 27
  },
  {
    "name": "Require(24) node_modules/egg-jsonp/app/extend/application.js",
    "start": 1587830805001,
    "end": 1587830805002,
    "duration": 1,
    "pid": 26147,
    "index": 28
  },
  {
    "name": "Require(25) node_modules/egg-logrotator/app/extend/application.js",
    "start": 1587830805002,
    "end": 1587830805003,
    "duration": 1,
    "pid": 26147,
    "index": 29
  },
  {
    "name": "Require(26) node_modules/egg-view/app/extend/application.js",
    "start": 1587830805003,
    "end": 1587830805004,
    "duration": 1,
    "pid": 26147,
    "index": 30
  },
  {
    "name": "Load extend/request.js",
    "start": 1587830805005,
    "end": 1587830805007,
    "duration": 2,
    "pid": 26147,
    "index": 31
  },
  {
    "name": "Require(27) node_modules/egg/app/extend/request.js",
    "start": 1587830805006,
    "end": 1587830805006,
    "duration": 0,
    "pid": 26147,
    "index": 32
  },
  {
    "name": "Load extend/response.js",
    "start": 1587830805007,
    "end": 1587830805010,
    "duration": 3,
    "pid": 26147,
    "index": 33
  },
  {
    "name": "Require(28) node_modules/egg/app/extend/response.js",
    "start": 1587830805008,
    "end": 1587830805009,
    "duration": 1,
    "pid": 26147,
    "index": 34
  },
  {
    "name": "Load extend/context.js",
    "start": 1587830805010,
    "end": 1587830805048,
    "duration": 38,
    "pid": 26147,
    "index": 35
  },
  {
    "name": "Require(29) node_modules/egg-security/app/extend/context.js",
    "start": 1587830805010,
    "end": 1587830805014,
    "duration": 4,
    "pid": 26147,
    "index": 36
  },
  {
    "name": "Require(30) node_modules/egg-jsonp/app/extend/context.js",
    "start": 1587830805014,
    "end": 1587830805015,
    "duration": 1,
    "pid": 26147,
    "index": 37
  },
  {
    "name": "Require(31) node_modules/egg-i18n/app/extend/context.js",
    "start": 1587830805015,
    "end": 1587830805015,
    "duration": 0,
    "pid": 26147,
    "index": 38
  },
  {
    "name": "Require(32) node_modules/egg-multipart/app/extend/context.js",
    "start": 1587830805016,
    "end": 1587830805044,
    "duration": 28,
    "pid": 26147,
    "index": 39
  },
  {
    "name": "Require(33) node_modules/egg-view/app/extend/context.js",
    "start": 1587830805045,
    "end": 1587830805045,
    "duration": 0,
    "pid": 26147,
    "index": 40
  },
  {
    "name": "Require(34) node_modules/egg/app/extend/context.js",
    "start": 1587830805046,
    "end": 1587830805047,
    "duration": 1,
    "pid": 26147,
    "index": 41
  },
  {
    "name": "Load extend/helper.js",
    "start": 1587830805048,
    "end": 1587830805062,
    "duration": 14,
    "pid": 26147,
    "index": 42
  },
  {
    "name": "Require(35) node_modules/egg-security/app/extend/helper.js",
    "start": 1587830805048,
    "end": 1587830805060,
    "duration": 12,
    "pid": 26147,
    "index": 43
  },
  {
    "name": "Require(36) node_modules/egg/app/extend/helper.js",
    "start": 1587830805061,
    "end": 1587830805061,
    "duration": 0,
    "pid": 26147,
    "index": 44
  },
  {
    "name": "Load app.js",
    "start": 1587830805062,
    "end": 1587830805093,
    "duration": 31,
    "pid": 26147,
    "index": 45
  },
  {
    "name": "Require(37) node_modules/egg-session/app.js",
    "start": 1587830805062,
    "end": 1587830805063,
    "duration": 1,
    "pid": 26147,
    "index": 46
  },
  {
    "name": "Require(38) node_modules/egg-security/app.js",
    "start": 1587830805063,
    "end": 1587830805064,
    "duration": 1,
    "pid": 26147,
    "index": 47
  },
  {
    "name": "Require(39) node_modules/egg-onerror/app.js",
    "start": 1587830805064,
    "end": 1587830805068,
    "duration": 4,
    "pid": 26147,
    "index": 48
  },
  {
    "name": "Require(40) node_modules/egg-i18n/app.js",
    "start": 1587830805068,
    "end": 1587830805076,
    "duration": 8,
    "pid": 26147,
    "index": 49
  },
  {
    "name": "Require(41) node_modules/egg-watcher/app.js",
    "start": 1587830805077,
    "end": 1587830805078,
    "duration": 1,
    "pid": 26147,
    "index": 50
  },
  {
    "name": "Require(42) node_modules/egg-schedule/app.js",
    "start": 1587830805078,
    "end": 1587830805079,
    "duration": 1,
    "pid": 26147,
    "index": 51
  },
  {
    "name": "Require(43) node_modules/egg-multipart/app.js",
    "start": 1587830805079,
    "end": 1587830805081,
    "duration": 2,
    "pid": 26147,
    "index": 52
  },
  {
    "name": "Require(44) node_modules/egg-development/app.js",
    "start": 1587830805081,
    "end": 1587830805081,
    "duration": 0,
    "pid": 26147,
    "index": 53
  },
  {
    "name": "Require(45) node_modules/egg-logrotator/app.js",
    "start": 1587830805081,
    "end": 1587830805081,
    "duration": 0,
    "pid": 26147,
    "index": 54
  },
  {
    "name": "Require(46) node_modules/egg-static/app.js",
    "start": 1587830805081,
    "end": 1587830805082,
    "duration": 1,
    "pid": 26147,
    "index": 55
  },
  {
    "name": "Require(47) node_modules/_egg-mysql@3.0.0@egg-mysql/app.js",
    "start": 1587830805082,
    "end": 1587830805092,
    "duration": 10,
    "pid": 26147,
    "index": 56
  },
  {
    "name": "Require(48) node_modules/_egg-view-ejs@2.0.1@egg-view-ejs/app.js",
    "start": 1587830805092,
    "end": 1587830805092,
    "duration": 0,
    "pid": 26147,
    "index": 57
  },
  {
    "name": "Before Start in node_modules/egg-watcher/lib/init.js:15:14",
    "start": 1587830805100,
    "end": 1587830805251,
    "duration": 151,
    "pid": 26147,
    "index": 58
  },
  {
    "name": "Before Start in node_modules/_egg-mysql@3.0.0@egg-mysql/lib/mysql.js:20:7",
    "start": 1587830805173,
    "end": 1587830805320,
    "duration": 147,
    "pid": 26147,
    "index": 59
  },
  {
    "name": "Load Service",
    "start": 1587830805176,
    "end": 1587830805179,
    "duration": 3,
    "pid": 26147,
    "index": 60
  },
  {
    "name": "Load \"service\" to Context",
    "start": 1587830805176,
    "end": 1587830805179,
    "duration": 3,
    "pid": 26147,
    "index": 61
  },
  {
    "name": "Load Middleware",
    "start": 1587830805180,
    "end": 1587830805219,
    "duration": 39,
    "pid": 26147,
    "index": 62
  },
  {
    "name": "Load \"middlewares\" to Application",
    "start": 1587830805180,
    "end": 1587830805214,
    "duration": 34,
    "pid": 26147,
    "index": 63
  },
  {
    "name": "Load Controller",
    "start": 1587830805219,
    "end": 1587830805235,
    "duration": 16,
    "pid": 26147,
    "index": 64
  },
  {
    "name": "Load \"controller\" to Application",
    "start": 1587830805219,
    "end": 1587830805235,
    "duration": 16,
    "pid": 26147,
    "index": 65
  },
  {
    "name": "Load Router",
    "start": 1587830805235,
    "end": 1587830805236,
    "duration": 1,
    "pid": 26147,
    "index": 66
  },
  {
    "name": "Require(49) app/router.js",
    "start": 1587830805235,
    "end": 1587830805235,
    "duration": 0,
    "pid": 26147,
    "index": 67
  },
  {
    "name": "Before Start in node_modules/egg-core/lib/egg.js:303:10",
    "start": 1587830805235,
    "end": 1587830805245,
    "duration": 10,
    "pid": 26147,
    "index": 68
  }
]