[
  {
    "name": "Application Start",
    "start": 1587652991766,
    "end": 1587652992183,
    "duration": 417,
    "pid": 50023,
    "index": 0
  },
  {
    "name": "Load Plugin",
    "start": 1587652991769,
    "end": 1587652991777,
    "duration": 8,
    "pid": 50023,
    "index": 1
  },
  {
    "name": "Load Config",
    "start": 1587652991777,
    "end": 1587652991790,
    "duration": 13,
    "pid": 50023,
    "index": 2
  },
  {
    "name": "Require(0) config/config.default.js",
    "start": 1587652991777,
    "end": 1587652991777,
    "duration": 0,
    "pid": 50023,
    "index": 3
  },
  {
    "name": "Require(1) node_modules/egg-session/config/config.default.js",
    "start": 1587652991778,
    "end": 1587652991778,
    "duration": 0,
    "pid": 50023,
    "index": 4
  },
  {
    "name": "Require(2) node_modules/egg-security/config/config.default.js",
    "start": 1587652991779,
    "end": 1587652991779,
    "duration": 0,
    "pid": 50023,
    "index": 5
  },
  {
    "name": "Require(3) node_modules/egg-jsonp/config/config.default.js",
    "start": 1587652991780,
    "end": 1587652991780,
    "duration": 0,
    "pid": 50023,
    "index": 6
  },
  {
    "name": "Require(4) node_modules/egg-onerror/config/config.default.js",
    "start": 1587652991780,
    "end": 1587652991780,
    "duration": 0,
    "pid": 50023,
    "index": 7
  },
  {
    "name": "Require(5) node_modules/egg-i18n/config/config.default.js",
    "start": 1587652991781,
    "end": 1587652991781,
    "duration": 0,
    "pid": 50023,
    "index": 8
  },
  {
    "name": "Require(6) node_modules/egg-watcher/config/config.default.js",
    "start": 1587652991782,
    "end": 1587652991782,
    "duration": 0,
    "pid": 50023,
    "index": 9
  },
  {
    "name": "Require(7) node_modules/egg-schedule/config/config.default.js",
    "start": 1587652991782,
    "end": 1587652991782,
    "duration": 0,
    "pid": 50023,
    "index": 10
  },
  {
    "name": "Require(8) node_modules/egg-multipart/config/config.default.js",
    "start": 1587652991783,
    "end": 1587652991783,
    "duration": 0,
    "pid": 50023,
    "index": 11
  },
  {
    "name": "Require(9) node_modules/egg-development/config/config.default.js",
    "start": 1587652991783,
    "end": 1587652991784,
    "duration": 1,
    "pid": 50023,
    "index": 12
  },
  {
    "name": "Require(10) node_modules/egg-logrotator/config/config.default.js",
    "start": 1587652991784,
    "end": 1587652991784,
    "duration": 0,
    "pid": 50023,
    "index": 13
  },
  {
    "name": "Require(11) node_modules/egg-static/config/config.default.js",
    "start": 1587652991784,
    "end": 1587652991785,
    "duration": 1,
    "pid": 50023,
    "index": 14
  },
  {
    "name": "Require(12) node_modules/egg-view/config/config.default.js",
    "start": 1587652991785,
    "end": 1587652991785,
    "duration": 0,
    "pid": 50023,
    "index": 15
  },
  {
    "name": "Require(13) node_modules/_egg-mysql@3.0.0@egg-mysql/config/config.default.js",
    "start": 1587652991785,
    "end": 1587652991786,
    "duration": 1,
    "pid": 50023,
    "index": 16
  },
  {
    "name": "Require(14) node_modules/_egg-view-ejs@2.0.1@egg-view-ejs/config/config.default.js",
    "start": 1587652991786,
    "end": 1587652991786,
    "duration": 0,
    "pid": 50023,
    "index": 17
  },
  {
    "name": "Require(15) node_modules/egg/config/config.default.js",
    "start": 1587652991786,
    "end": 1587652991787,
    "duration": 1,
    "pid": 50023,
    "index": 18
  },
  {
    "name": "Require(16) config/config.default.js",
    "start": 1587652991788,
    "end": 1587652991788,
    "duration": 0,
    "pid": 50023,
    "index": 19
  },
  {
    "name": "Require(17) node_modules/egg-security/config/config.local.js",
    "start": 1587652991788,
    "end": 1587652991788,
    "duration": 0,
    "pid": 50023,
    "index": 20
  },
  {
    "name": "Require(18) node_modules/egg-watcher/config/config.local.js",
    "start": 1587652991789,
    "end": 1587652991789,
    "duration": 0,
    "pid": 50023,
    "index": 21
  },
  {
    "name": "Require(19) node_modules/egg-view/config/config.local.js",
    "start": 1587652991789,
    "end": 1587652991789,
    "duration": 0,
    "pid": 50023,
    "index": 22
  },
  {
    "name": "Require(20) node_modules/_egg-view-ejs@2.0.1@egg-view-ejs/config/config.local.js",
    "start": 1587652991790,
    "end": 1587652991790,
    "duration": 0,
    "pid": 50023,
    "index": 23
  },
  {
    "name": "Require(21) node_modules/egg/config/config.local.js",
    "start": 1587652991790,
    "end": 1587652991790,
    "duration": 0,
    "pid": 50023,
    "index": 24
  },
  {
    "name": "Load extend/application.js",
    "start": 1587652991791,
    "end": 1587652991800,
    "duration": 9,
    "pid": 50023,
    "index": 25
  },
  {
    "name": "Require(22) node_modules/egg-session/app/extend/application.js",
    "start": 1587652991791,
    "end": 1587652991793,
    "duration": 2,
    "pid": 50023,
    "index": 26
  },
  {
    "name": "Require(23) node_modules/egg-security/app/extend/application.js",
    "start": 1587652991793,
    "end": 1587652991794,
    "duration": 1,
    "pid": 50023,
    "index": 27
  },
  {
    "name": "Require(24) node_modules/egg-jsonp/app/extend/application.js",
    "start": 1587652991794,
    "end": 1587652991795,
    "duration": 1,
    "pid": 50023,
    "index": 28
  },
  {
    "name": "Require(25) node_modules/egg-logrotator/app/extend/application.js",
    "start": 1587652991796,
    "end": 1587652991797,
    "duration": 1,
    "pid": 50023,
    "index": 29
  },
  {
    "name": "Require(26) node_modules/egg-view/app/extend/application.js",
    "start": 1587652991797,
    "end": 1587652991798,
    "duration": 1,
    "pid": 50023,
    "index": 30
  },
  {
    "name": "Load extend/request.js",
    "start": 1587652991800,
    "end": 1587652991803,
    "duration": 3,
    "pid": 50023,
    "index": 31
  },
  {
    "name": "Require(27) node_modules/egg/app/extend/request.js",
    "start": 1587652991801,
    "end": 1587652991801,
    "duration": 0,
    "pid": 50023,
    "index": 32
  },
  {
    "name": "Load extend/response.js",
    "start": 1587652991803,
    "end": 1587652991807,
    "duration": 4,
    "pid": 50023,
    "index": 33
  },
  {
    "name": "Require(28) node_modules/egg/app/extend/response.js",
    "start": 1587652991804,
    "end": 1587652991805,
    "duration": 1,
    "pid": 50023,
    "index": 34
  },
  {
    "name": "Load extend/context.js",
    "start": 1587652991807,
    "end": 1587652991842,
    "duration": 35,
    "pid": 50023,
    "index": 35
  },
  {
    "name": "Require(29) node_modules/egg-security/app/extend/context.js",
    "start": 1587652991807,
    "end": 1587652991811,
    "duration": 4,
    "pid": 50023,
    "index": 36
  },
  {
    "name": "Require(30) node_modules/egg-jsonp/app/extend/context.js",
    "start": 1587652991811,
    "end": 1587652991812,
    "duration": 1,
    "pid": 50023,
    "index": 37
  },
  {
    "name": "Require(31) node_modules/egg-i18n/app/extend/context.js",
    "start": 1587652991812,
    "end": 1587652991812,
    "duration": 0,
    "pid": 50023,
    "index": 38
  },
  {
    "name": "Require(32) node_modules/egg-multipart/app/extend/context.js",
    "start": 1587652991812,
    "end": 1587652991839,
    "duration": 27,
    "pid": 50023,
    "index": 39
  },
  {
    "name": "Require(33) node_modules/egg-view/app/extend/context.js",
    "start": 1587652991840,
    "end": 1587652991840,
    "duration": 0,
    "pid": 50023,
    "index": 40
  },
  {
    "name": "Require(34) node_modules/egg/app/extend/context.js",
    "start": 1587652991840,
    "end": 1587652991842,
    "duration": 2,
    "pid": 50023,
    "index": 41
  },
  {
    "name": "Load extend/helper.js",
    "start": 1587652991843,
    "end": 1587652991861,
    "duration": 18,
    "pid": 50023,
    "index": 42
  },
  {
    "name": "Require(35) node_modules/egg-security/app/extend/helper.js",
    "start": 1587652991843,
    "end": 1587652991859,
    "duration": 16,
    "pid": 50023,
    "index": 43
  },
  {
    "name": "Require(36) node_modules/egg/app/extend/helper.js",
    "start": 1587652991860,
    "end": 1587652991860,
    "duration": 0,
    "pid": 50023,
    "index": 44
  },
  {
    "name": "Load app.js",
    "start": 1587652991861,
    "end": 1587652991904,
    "duration": 43,
    "pid": 50023,
    "index": 45
  },
  {
    "name": "Require(37) node_modules/egg-session/app.js",
    "start": 1587652991861,
    "end": 1587652991862,
    "duration": 1,
    "pid": 50023,
    "index": 46
  },
  {
    "name": "Require(38) node_modules/egg-security/app.js",
    "start": 1587652991862,
    "end": 1587652991863,
    "duration": 1,
    "pid": 50023,
    "index": 47
  },
  {
    "name": "Require(39) node_modules/egg-onerror/app.js",
    "start": 1587652991864,
    "end": 1587652991870,
    "duration": 6,
    "pid": 50023,
    "index": 48
  },
  {
    "name": "Require(40) node_modules/egg-i18n/app.js",
    "start": 1587652991870,
    "end": 1587652991883,
    "duration": 13,
    "pid": 50023,
    "index": 49
  },
  {
    "name": "Require(41) node_modules/egg-watcher/app.js",
    "start": 1587652991884,
    "end": 1587652991886,
    "duration": 2,
    "pid": 50023,
    "index": 50
  },
  {
    "name": "Require(42) node_modules/egg-schedule/app.js",
    "start": 1587652991886,
    "end": 1587652991887,
    "duration": 1,
    "pid": 50023,
    "index": 51
  },
  {
    "name": "Require(43) node_modules/egg-multipart/app.js",
    "start": 1587652991887,
    "end": 1587652991889,
    "duration": 2,
    "pid": 50023,
    "index": 52
  },
  {
    "name": "Require(44) node_modules/egg-development/app.js",
    "start": 1587652991890,
    "end": 1587652991890,
    "duration": 0,
    "pid": 50023,
    "index": 53
  },
  {
    "name": "Require(45) node_modules/egg-logrotator/app.js",
    "start": 1587652991890,
    "end": 1587652991891,
    "duration": 1,
    "pid": 50023,
    "index": 54
  },
  {
    "name": "Require(46) node_modules/egg-static/app.js",
    "start": 1587652991891,
    "end": 1587652991892,
    "duration": 1,
    "pid": 50023,
    "index": 55
  },
  {
    "name": "Require(47) node_modules/_egg-mysql@3.0.0@egg-mysql/app.js",
    "start": 1587652991892,
    "end": 1587652991903,
    "duration": 11,
    "pid": 50023,
    "index": 56
  },
  {
    "name": "Require(48) node_modules/_egg-view-ejs@2.0.1@egg-view-ejs/app.js",
    "start": 1587652991903,
    "end": 1587652991904,
    "duration": 1,
    "pid": 50023,
    "index": 57
  },
  {
    "name": "Before Start in node_modules/egg-watcher/lib/init.js:15:14",
    "start": 1587652991912,
    "end": 1587652992136,
    "duration": 224,
    "pid": 50023,
    "index": 58
  },
  {
    "name": "Before Start in node_modules/_egg-mysql@3.0.0@egg-mysql/lib/mysql.js:20:7",
    "start": 1587652992009,
    "end": 1587652992182,
    "duration": 173,
    "pid": 50023,
    "index": 59
  },
  {
    "name": "Load Service",
    "start": 1587652992013,
    "end": 1587652992017,
    "duration": 4,
    "pid": 50023,
    "index": 60
  },
  {
    "name": "Load \"service\" to Context",
    "start": 1587652992013,
    "end": 1587652992017,
    "duration": 4,
    "pid": 50023,
    "index": 61
  },
  {
    "name": "Load Middleware",
    "start": 1587652992017,
    "end": 1587652992094,
    "duration": 77,
    "pid": 50023,
    "index": 62
  },
  {
    "name": "Load \"middlewares\" to Application",
    "start": 1587652992018,
    "end": 1587652992087,
    "duration": 69,
    "pid": 50023,
    "index": 63
  },
  {
    "name": "Load Controller",
    "start": 1587652992094,
    "end": 1587652992117,
    "duration": 23,
    "pid": 50023,
    "index": 64
  },
  {
    "name": "Load \"controller\" to Application",
    "start": 1587652992094,
    "end": 1587652992117,
    "duration": 23,
    "pid": 50023,
    "index": 65
  },
  {
    "name": "Load Router",
    "start": 1587652992117,
    "end": 1587652992119,
    "duration": 2,
    "pid": 50023,
    "index": 66
  },
  {
    "name": "Require(49) app/router.js",
    "start": 1587652992117,
    "end": 1587652992118,
    "duration": 1,
    "pid": 50023,
    "index": 67
  },
  {
    "name": "Before Start in node_modules/egg-core/lib/egg.js:303:10",
    "start": 1587652992118,
    "end": 1587652992127,
    "duration": 9,
    "pid": 50023,
    "index": 68
  }
]