[
  {
    "name": "Application Start",
    "start": 1587830439357,
    "end": 1587830439829,
    "duration": 472,
    "pid": 25914,
    "index": 0
  },
  {
    "name": "Load Plugin",
    "start": 1587830439361,
    "end": 1587830439373,
    "duration": 12,
    "pid": 25914,
    "index": 1
  },
  {
    "name": "Load Config",
    "start": 1587830439373,
    "end": 1587830439390,
    "duration": 17,
    "pid": 25914,
    "index": 2
  },
  {
    "name": "Require(0) config/config.default.js",
    "start": 1587830439373,
    "end": 1587830439374,
    "duration": 1,
    "pid": 25914,
    "index": 3
  },
  {
    "name": "Require(1) node_modules/egg-session/config/config.default.js",
    "start": 1587830439374,
    "end": 1587830439375,
    "duration": 1,
    "pid": 25914,
    "index": 4
  },
  {
    "name": "Require(2) node_modules/egg-security/config/config.default.js",
    "start": 1587830439375,
    "end": 1587830439375,
    "duration": 0,
    "pid": 25914,
    "index": 5
  },
  {
    "name": "Require(3) node_modules/egg-jsonp/config/config.default.js",
    "start": 1587830439376,
    "end": 1587830439376,
    "duration": 0,
    "pid": 25914,
    "index": 6
  },
  {
    "name": "Require(4) node_modules/egg-onerror/config/config.default.js",
    "start": 1587830439377,
    "end": 1587830439377,
    "duration": 0,
    "pid": 25914,
    "index": 7
  },
  {
    "name": "Require(5) node_modules/egg-i18n/config/config.default.js",
    "start": 1587830439377,
    "end": 1587830439378,
    "duration": 1,
    "pid": 25914,
    "index": 8
  },
  {
    "name": "Require(6) node_modules/egg-watcher/config/config.default.js",
    "start": 1587830439378,
    "end": 1587830439379,
    "duration": 1,
    "pid": 25914,
    "index": 9
  },
  {
    "name": "Require(7) node_modules/egg-schedule/config/config.default.js",
    "start": 1587830439379,
    "end": 1587830439379,
    "duration": 0,
    "pid": 25914,
    "index": 10
  },
  {
    "name": "Require(8) node_modules/egg-multipart/config/config.default.js",
    "start": 1587830439380,
    "end": 1587830439380,
    "duration": 0,
    "pid": 25914,
    "index": 11
  },
  {
    "name": "Require(9) node_modules/egg-development/config/config.default.js",
    "start": 1587830439380,
    "end": 1587830439381,
    "duration": 1,
    "pid": 25914,
    "index": 12
  },
  {
    "name": "Require(10) node_modules/egg-logrotator/config/config.default.js",
    "start": 1587830439381,
    "end": 1587830439382,
    "duration": 1,
    "pid": 25914,
    "index": 13
  },
  {
    "name": "Require(11) node_modules/egg-static/config/config.default.js",
    "start": 1587830439382,
    "end": 1587830439382,
    "duration": 0,
    "pid": 25914,
    "index": 14
  },
  {
    "name": "Require(12) node_modules/egg-view/config/config.default.js",
    "start": 1587830439382,
    "end": 1587830439383,
    "duration": 1,
    "pid": 25914,
    "index": 15
  },
  {
    "name": "Require(13) node_modules/_egg-mysql@3.0.0@egg-mysql/config/config.default.js",
    "start": 1587830439383,
    "end": 1587830439384,
    "duration": 1,
    "pid": 25914,
    "index": 16
  },
  {
    "name": "Require(14) node_modules/_egg-view-ejs@2.0.1@egg-view-ejs/config/config.default.js",
    "start": 1587830439384,
    "end": 1587830439384,
    "duration": 0,
    "pid": 25914,
    "index": 17
  },
  {
    "name": "Require(15) node_modules/egg/config/config.default.js",
    "start": 1587830439385,
    "end": 1587830439385,
    "duration": 0,
    "pid": 25914,
    "index": 18
  },
  {
    "name": "Require(16) config/config.default.js",
    "start": 1587830439386,
    "end": 1587830439386,
    "duration": 0,
    "pid": 25914,
    "index": 19
  },
  {
    "name": "Require(17) node_modules/egg-security/config/config.local.js",
    "start": 1587830439387,
    "end": 1587830439387,
    "duration": 0,
    "pid": 25914,
    "index": 20
  },
  {
    "name": "Require(18) node_modules/egg-watcher/config/config.local.js",
    "start": 1587830439387,
    "end": 1587830439388,
    "duration": 1,
    "pid": 25914,
    "index": 21
  },
  {
    "name": "Require(19) node_modules/egg-view/config/config.local.js",
    "start": 1587830439388,
    "end": 1587830439388,
    "duration": 0,
    "pid": 25914,
    "index": 22
  },
  {
    "name": "Require(20) node_modules/_egg-view-ejs@2.0.1@egg-view-ejs/config/config.local.js",
    "start": 1587830439389,
    "end": 1587830439389,
    "duration": 0,
    "pid": 25914,
    "index": 23
  },
  {
    "name": "Require(21) node_modules/egg/config/config.local.js",
    "start": 1587830439389,
    "end": 1587830439390,
    "duration": 1,
    "pid": 25914,
    "index": 24
  },
  {
    "name": "Load extend/application.js",
    "start": 1587830439390,
    "end": 1587830439397,
    "duration": 7,
    "pid": 25914,
    "index": 25
  },
  {
    "name": "Require(22) node_modules/egg-session/app/extend/application.js",
    "start": 1587830439391,
    "end": 1587830439391,
    "duration": 0,
    "pid": 25914,
    "index": 26
  },
  {
    "name": "Require(23) node_modules/egg-security/app/extend/application.js",
    "start": 1587830439391,
    "end": 1587830439392,
    "duration": 1,
    "pid": 25914,
    "index": 27
  },
  {
    "name": "Require(24) node_modules/egg-jsonp/app/extend/application.js",
    "start": 1587830439392,
    "end": 1587830439393,
    "duration": 1,
    "pid": 25914,
    "index": 28
  },
  {
    "name": "Require(25) node_modules/egg-logrotator/app/extend/application.js",
    "start": 1587830439393,
    "end": 1587830439394,
    "duration": 1,
    "pid": 25914,
    "index": 29
  },
  {
    "name": "Require(26) node_modules/egg-view/app/extend/application.js",
    "start": 1587830439395,
    "end": 1587830439396,
    "duration": 1,
    "pid": 25914,
    "index": 30
  },
  {
    "name": "Load extend/request.js",
    "start": 1587830439397,
    "end": 1587830439399,
    "duration": 2,
    "pid": 25914,
    "index": 31
  },
  {
    "name": "Require(27) node_modules/egg/app/extend/request.js",
    "start": 1587830439397,
    "end": 1587830439398,
    "duration": 1,
    "pid": 25914,
    "index": 32
  },
  {
    "name": "Load extend/response.js",
    "start": 1587830439399,
    "end": 1587830439402,
    "duration": 3,
    "pid": 25914,
    "index": 33
  },
  {
    "name": "Require(28) node_modules/egg/app/extend/response.js",
    "start": 1587830439399,
    "end": 1587830439401,
    "duration": 2,
    "pid": 25914,
    "index": 34
  },
  {
    "name": "Load extend/context.js",
    "start": 1587830439402,
    "end": 1587830439453,
    "duration": 51,
    "pid": 25914,
    "index": 35
  },
  {
    "name": "Require(29) node_modules/egg-security/app/extend/context.js",
    "start": 1587830439402,
    "end": 1587830439408,
    "duration": 6,
    "pid": 25914,
    "index": 36
  },
  {
    "name": "Require(30) node_modules/egg-jsonp/app/extend/context.js",
    "start": 1587830439409,
    "end": 1587830439410,
    "duration": 1,
    "pid": 25914,
    "index": 37
  },
  {
    "name": "Require(31) node_modules/egg-i18n/app/extend/context.js",
    "start": 1587830439410,
    "end": 1587830439410,
    "duration": 0,
    "pid": 25914,
    "index": 38
  },
  {
    "name": "Require(32) node_modules/egg-multipart/app/extend/context.js",
    "start": 1587830439411,
    "end": 1587830439448,
    "duration": 37,
    "pid": 25914,
    "index": 39
  },
  {
    "name": "Require(33) node_modules/egg-view/app/extend/context.js",
    "start": 1587830439448,
    "end": 1587830439450,
    "duration": 2,
    "pid": 25914,
    "index": 40
  },
  {
    "name": "Require(34) node_modules/egg/app/extend/context.js",
    "start": 1587830439450,
    "end": 1587830439452,
    "duration": 2,
    "pid": 25914,
    "index": 41
  },
  {
    "name": "Load extend/helper.js",
    "start": 1587830439453,
    "end": 1587830439472,
    "duration": 19,
    "pid": 25914,
    "index": 42
  },
  {
    "name": "Require(35) node_modules/egg-security/app/extend/helper.js",
    "start": 1587830439453,
    "end": 1587830439470,
    "duration": 17,
    "pid": 25914,
    "index": 43
  },
  {
    "name": "Require(36) node_modules/egg/app/extend/helper.js",
    "start": 1587830439470,
    "end": 1587830439471,
    "duration": 1,
    "pid": 25914,
    "index": 44
  },
  {
    "name": "Load app.js",
    "start": 1587830439472,
    "end": 1587830439524,
    "duration": 52,
    "pid": 25914,
    "index": 45
  },
  {
    "name": "Require(37) node_modules/egg-session/app.js",
    "start": 1587830439472,
    "end": 1587830439473,
    "duration": 1,
    "pid": 25914,
    "index": 46
  },
  {
    "name": "Require(38) node_modules/egg-security/app.js",
    "start": 1587830439473,
    "end": 1587830439474,
    "duration": 1,
    "pid": 25914,
    "index": 47
  },
  {
    "name": "Require(39) node_modules/egg-onerror/app.js",
    "start": 1587830439475,
    "end": 1587830439481,
    "duration": 6,
    "pid": 25914,
    "index": 48
  },
  {
    "name": "Require(40) node_modules/egg-i18n/app.js",
    "start": 1587830439481,
    "end": 1587830439493,
    "duration": 12,
    "pid": 25914,
    "index": 49
  },
  {
    "name": "Require(41) node_modules/egg-watcher/app.js",
    "start": 1587830439493,
    "end": 1587830439498,
    "duration": 5,
    "pid": 25914,
    "index": 50
  },
  {
    "name": "Require(42) node_modules/egg-schedule/app.js",
    "start": 1587830439498,
    "end": 1587830439500,
    "duration": 2,
    "pid": 25914,
    "index": 51
  },
  {
    "name": "Require(43) node_modules/egg-multipart/app.js",
    "start": 1587830439500,
    "end": 1587830439502,
    "duration": 2,
    "pid": 25914,
    "index": 52
  },
  {
    "name": "Require(44) node_modules/egg-development/app.js",
    "start": 1587830439503,
    "end": 1587830439503,
    "duration": 0,
    "pid": 25914,
    "index": 53
  },
  {
    "name": "Require(45) node_modules/egg-logrotator/app.js",
    "start": 1587830439503,
    "end": 1587830439504,
    "duration": 1,
    "pid": 25914,
    "index": 54
  },
  {
    "name": "Require(46) node_modules/egg-static/app.js",
    "start": 1587830439504,
    "end": 1587830439504,
    "duration": 0,
    "pid": 25914,
    "index": 55
  },
  {
    "name": "Require(47) node_modules/_egg-mysql@3.0.0@egg-mysql/app.js",
    "start": 1587830439505,
    "end": 1587830439523,
    "duration": 18,
    "pid": 25914,
    "index": 56
  },
  {
    "name": "Require(48) node_modules/_egg-view-ejs@2.0.1@egg-view-ejs/app.js",
    "start": 1587830439523,
    "end": 1587830439523,
    "duration": 0,
    "pid": 25914,
    "index": 57
  },
  {
    "name": "Before Start in node_modules/egg-watcher/lib/init.js:15:14",
    "start": 1587830439533,
    "end": 1587830439762,
    "duration": 229,
    "pid": 25914,
    "index": 58
  },
  {
    "name": "Before Start in node_modules/_egg-mysql@3.0.0@egg-mysql/lib/mysql.js:20:7",
    "start": 1587830439635,
    "end": 1587830439828,
    "duration": 193,
    "pid": 25914,
    "index": 59
  },
  {
    "name": "Load Service",
    "start": 1587830439639,
    "end": 1587830439643,
    "duration": 4,
    "pid": 25914,
    "index": 60
  },
  {
    "name": "Load \"service\" to Context",
    "start": 1587830439639,
    "end": 1587830439643,
    "duration": 4,
    "pid": 25914,
    "index": 61
  },
  {
    "name": "Load Middleware",
    "start": 1587830439644,
    "end": 1587830439718,
    "duration": 74,
    "pid": 25914,
    "index": 62
  },
  {
    "name": "Load \"middlewares\" to Application",
    "start": 1587830439644,
    "end": 1587830439711,
    "duration": 67,
    "pid": 25914,
    "index": 63
  },
  {
    "name": "Load Controller",
    "start": 1587830439718,
    "end": 1587830439744,
    "duration": 26,
    "pid": 25914,
    "index": 64
  },
  {
    "name": "Load \"controller\" to Application",
    "start": 1587830439718,
    "end": 1587830439744,
    "duration": 26,
    "pid": 25914,
    "index": 65
  },
  {
    "name": "Load Router",
    "start": 1587830439744,
    "end": 1587830439746,
    "duration": 2,
    "pid": 25914,
    "index": 66
  },
  {
    "name": "Require(49) app/router.js",
    "start": 1587830439744,
    "end": 1587830439744,
    "duration": 0,
    "pid": 25914,
    "index": 67
  },
  {
    "name": "Before Start in node_modules/egg-core/lib/egg.js:303:10",
    "start": 1587830439745,
    "end": 1587830439755,
    "duration": 10,
    "pid": 25914,
    "index": 68
  }
]