[
  {
    "name": "Application Start",
    "start": 1587831326992,
    "end": 1587831327445,
    "duration": 453,
    "pid": 26547,
    "index": 0
  },
  {
    "name": "Load Plugin",
    "start": 1587831326996,
    "end": 1587831327007,
    "duration": 11,
    "pid": 26547,
    "index": 1
  },
  {
    "name": "Load Config",
    "start": 1587831327007,
    "end": 1587831327023,
    "duration": 16,
    "pid": 26547,
    "index": 2
  },
  {
    "name": "Require(0) config/config.default.js",
    "start": 1587831327007,
    "end": 1587831327008,
    "duration": 1,
    "pid": 26547,
    "index": 3
  },
  {
    "name": "Require(1) node_modules/egg-session/config/config.default.js",
    "start": 1587831327009,
    "end": 1587831327009,
    "duration": 0,
    "pid": 26547,
    "index": 4
  },
  {
    "name": "Require(2) node_modules/egg-security/config/config.default.js",
    "start": 1587831327009,
    "end": 1587831327010,
    "duration": 1,
    "pid": 26547,
    "index": 5
  },
  {
    "name": "Require(3) node_modules/egg-jsonp/config/config.default.js",
    "start": 1587831327010,
    "end": 1587831327011,
    "duration": 1,
    "pid": 26547,
    "index": 6
  },
  {
    "name": "Require(4) node_modules/egg-onerror/config/config.default.js",
    "start": 1587831327011,
    "end": 1587831327011,
    "duration": 0,
    "pid": 26547,
    "index": 7
  },
  {
    "name": "Require(5) node_modules/egg-i18n/config/config.default.js",
    "start": 1587831327012,
    "end": 1587831327012,
    "duration": 0,
    "pid": 26547,
    "index": 8
  },
  {
    "name": "Require(6) node_modules/egg-watcher/config/config.default.js",
    "start": 1587831327012,
    "end": 1587831327013,
    "duration": 1,
    "pid": 26547,
    "index": 9
  },
  {
    "name": "Require(7) node_modules/egg-schedule/config/config.default.js",
    "start": 1587831327013,
    "end": 1587831327014,
    "duration": 1,
    "pid": 26547,
    "index": 10
  },
  {
    "name": "Require(8) node_modules/egg-multipart/config/config.default.js",
    "start": 1587831327014,
    "end": 1587831327014,
    "duration": 0,
    "pid": 26547,
    "index": 11
  },
  {
    "name": "Require(9) node_modules/egg-development/config/config.default.js",
    "start": 1587831327014,
    "end": 1587831327015,
    "duration": 1,
    "pid": 26547,
    "index": 12
  },
  {
    "name": "Require(10) node_modules/egg-logrotator/config/config.default.js",
    "start": 1587831327015,
    "end": 1587831327015,
    "duration": 0,
    "pid": 26547,
    "index": 13
  },
  {
    "name": "Require(11) node_modules/egg-static/config/config.default.js",
    "start": 1587831327016,
    "end": 1587831327016,
    "duration": 0,
    "pid": 26547,
    "index": 14
  },
  {
    "name": "Require(12) node_modules/egg-view/config/config.default.js",
    "start": 1587831327016,
    "end": 1587831327017,
    "duration": 1,
    "pid": 26547,
    "index": 15
  },
  {
    "name": "Require(13) node_modules/_egg-mysql@3.0.0@egg-mysql/config/config.default.js",
    "start": 1587831327017,
    "end": 1587831327017,
    "duration": 0,
    "pid": 26547,
    "index": 16
  },
  {
    "name": "Require(14) node_modules/_egg-view-ejs@2.0.1@egg-view-ejs/config/config.default.js",
    "start": 1587831327018,
    "end": 1587831327018,
    "duration": 0,
    "pid": 26547,
    "index": 17
  },
  {
    "name": "Require(15) node_modules/egg/config/config.default.js",
    "start": 1587831327018,
    "end": 1587831327019,
    "duration": 1,
    "pid": 26547,
    "index": 18
  },
  {
    "name": "Require(16) config/config.default.js",
    "start": 1587831327020,
    "end": 1587831327020,
    "duration": 0,
    "pid": 26547,
    "index": 19
  },
  {
    "name": "Require(17) node_modules/egg-security/config/config.local.js",
    "start": 1587831327020,
    "end": 1587831327021,
    "duration": 1,
    "pid": 26547,
    "index": 20
  },
  {
    "name": "Require(18) node_modules/egg-watcher/config/config.local.js",
    "start": 1587831327021,
    "end": 1587831327021,
    "duration": 0,
    "pid": 26547,
    "index": 21
  },
  {
    "name": "Require(19) node_modules/egg-view/config/config.local.js",
    "start": 1587831327022,
    "end": 1587831327022,
    "duration": 0,
    "pid": 26547,
    "index": 22
  },
  {
    "name": "Require(20) node_modules/_egg-view-ejs@2.0.1@egg-view-ejs/config/config.local.js",
    "start": 1587831327022,
    "end": 1587831327023,
    "duration": 1,
    "pid": 26547,
    "index": 23
  },
  {
    "name": "Require(21) node_modules/egg/config/config.local.js",
    "start": 1587831327023,
    "end": 1587831327023,
    "duration": 0,
    "pid": 26547,
    "index": 24
  },
  {
    "name": "Load extend/application.js",
    "start": 1587831327024,
    "end": 1587831327030,
    "duration": 6,
    "pid": 26547,
    "index": 25
  },
  {
    "name": "Require(22) node_modules/egg-session/app/extend/application.js",
    "start": 1587831327024,
    "end": 1587831327025,
    "duration": 1,
    "pid": 26547,
    "index": 26
  },
  {
    "name": "Require(23) node_modules/egg-security/app/extend/application.js",
    "start": 1587831327025,
    "end": 1587831327026,
    "duration": 1,
    "pid": 26547,
    "index": 27
  },
  {
    "name": "Require(24) node_modules/egg-jsonp/app/extend/application.js",
    "start": 1587831327026,
    "end": 1587831327027,
    "duration": 1,
    "pid": 26547,
    "index": 28
  },
  {
    "name": "Require(25) node_modules/egg-logrotator/app/extend/application.js",
    "start": 1587831327027,
    "end": 1587831327028,
    "duration": 1,
    "pid": 26547,
    "index": 29
  },
  {
    "name": "Require(26) node_modules/egg-view/app/extend/application.js",
    "start": 1587831327028,
    "end": 1587831327029,
    "duration": 1,
    "pid": 26547,
    "index": 30
  },
  {
    "name": "Load extend/request.js",
    "start": 1587831327030,
    "end": 1587831327032,
    "duration": 2,
    "pid": 26547,
    "index": 31
  },
  {
    "name": "Require(27) node_modules/egg/app/extend/request.js",
    "start": 1587831327031,
    "end": 1587831327031,
    "duration": 0,
    "pid": 26547,
    "index": 32
  },
  {
    "name": "Load extend/response.js",
    "start": 1587831327032,
    "end": 1587831327035,
    "duration": 3,
    "pid": 26547,
    "index": 33
  },
  {
    "name": "Require(28) node_modules/egg/app/extend/response.js",
    "start": 1587831327033,
    "end": 1587831327034,
    "duration": 1,
    "pid": 26547,
    "index": 34
  },
  {
    "name": "Load extend/context.js",
    "start": 1587831327035,
    "end": 1587831327096,
    "duration": 61,
    "pid": 26547,
    "index": 35
  },
  {
    "name": "Require(29) node_modules/egg-security/app/extend/context.js",
    "start": 1587831327035,
    "end": 1587831327041,
    "duration": 6,
    "pid": 26547,
    "index": 36
  },
  {
    "name": "Require(30) node_modules/egg-jsonp/app/extend/context.js",
    "start": 1587831327042,
    "end": 1587831327043,
    "duration": 1,
    "pid": 26547,
    "index": 37
  },
  {
    "name": "Require(31) node_modules/egg-i18n/app/extend/context.js",
    "start": 1587831327043,
    "end": 1587831327043,
    "duration": 0,
    "pid": 26547,
    "index": 38
  },
  {
    "name": "Require(32) node_modules/egg-multipart/app/extend/context.js",
    "start": 1587831327043,
    "end": 1587831327092,
    "duration": 49,
    "pid": 26547,
    "index": 39
  },
  {
    "name": "Require(33) node_modules/egg-view/app/extend/context.js",
    "start": 1587831327093,
    "end": 1587831327094,
    "duration": 1,
    "pid": 26547,
    "index": 40
  },
  {
    "name": "Require(34) node_modules/egg/app/extend/context.js",
    "start": 1587831327094,
    "end": 1587831327095,
    "duration": 1,
    "pid": 26547,
    "index": 41
  },
  {
    "name": "Load extend/helper.js",
    "start": 1587831327096,
    "end": 1587831327116,
    "duration": 20,
    "pid": 26547,
    "index": 42
  },
  {
    "name": "Require(35) node_modules/egg-security/app/extend/helper.js",
    "start": 1587831327097,
    "end": 1587831327114,
    "duration": 17,
    "pid": 26547,
    "index": 43
  },
  {
    "name": "Require(36) node_modules/egg/app/extend/helper.js",
    "start": 1587831327115,
    "end": 1587831327115,
    "duration": 0,
    "pid": 26547,
    "index": 44
  },
  {
    "name": "Load app.js",
    "start": 1587831327116,
    "end": 1587831327160,
    "duration": 44,
    "pid": 26547,
    "index": 45
  },
  {
    "name": "Require(37) node_modules/egg-session/app.js",
    "start": 1587831327116,
    "end": 1587831327117,
    "duration": 1,
    "pid": 26547,
    "index": 46
  },
  {
    "name": "Require(38) node_modules/egg-security/app.js",
    "start": 1587831327117,
    "end": 1587831327118,
    "duration": 1,
    "pid": 26547,
    "index": 47
  },
  {
    "name": "Require(39) node_modules/egg-onerror/app.js",
    "start": 1587831327119,
    "end": 1587831327125,
    "duration": 6,
    "pid": 26547,
    "index": 48
  },
  {
    "name": "Require(40) node_modules/egg-i18n/app.js",
    "start": 1587831327125,
    "end": 1587831327137,
    "duration": 12,
    "pid": 26547,
    "index": 49
  },
  {
    "name": "Require(41) node_modules/egg-watcher/app.js",
    "start": 1587831327137,
    "end": 1587831327140,
    "duration": 3,
    "pid": 26547,
    "index": 50
  },
  {
    "name": "Require(42) node_modules/egg-schedule/app.js",
    "start": 1587831327140,
    "end": 1587831327141,
    "duration": 1,
    "pid": 26547,
    "index": 51
  },
  {
    "name": "Require(43) node_modules/egg-multipart/app.js",
    "start": 1587831327141,
    "end": 1587831327143,
    "duration": 2,
    "pid": 26547,
    "index": 52
  },
  {
    "name": "Require(44) node_modules/egg-development/app.js",
    "start": 1587831327143,
    "end": 1587831327144,
    "duration": 1,
    "pid": 26547,
    "index": 53
  },
  {
    "name": "Require(45) node_modules/egg-logrotator/app.js",
    "start": 1587831327144,
    "end": 1587831327144,
    "duration": 0,
    "pid": 26547,
    "index": 54
  },
  {
    "name": "Require(46) node_modules/egg-static/app.js",
    "start": 1587831327144,
    "end": 1587831327145,
    "duration": 1,
    "pid": 26547,
    "index": 55
  },
  {
    "name": "Require(47) node_modules/_egg-mysql@3.0.0@egg-mysql/app.js",
    "start": 1587831327145,
    "end": 1587831327159,
    "duration": 14,
    "pid": 26547,
    "index": 56
  },
  {
    "name": "Require(48) node_modules/_egg-view-ejs@2.0.1@egg-view-ejs/app.js",
    "start": 1587831327159,
    "end": 1587831327160,
    "duration": 1,
    "pid": 26547,
    "index": 57
  },
  {
    "name": "Before Start in node_modules/egg-watcher/lib/init.js:15:14",
    "start": 1587831327166,
    "end": 1587831327340,
    "duration": 174,
    "pid": 26547,
    "index": 58
  },
  {
    "name": "Before Start in node_modules/_egg-mysql@3.0.0@egg-mysql/lib/mysql.js:20:7",
    "start": 1587831327240,
    "end": 1587831327444,
    "duration": 204,
    "pid": 26547,
    "index": 59
  },
  {
    "name": "Load Service",
    "start": 1587831327243,
    "end": 1587831327247,
    "duration": 4,
    "pid": 26547,
    "index": 60
  },
  {
    "name": "Load \"service\" to Context",
    "start": 1587831327243,
    "end": 1587831327247,
    "duration": 4,
    "pid": 26547,
    "index": 61
  },
  {
    "name": "Load Middleware",
    "start": 1587831327247,
    "end": 1587831327303,
    "duration": 56,
    "pid": 26547,
    "index": 62
  },
  {
    "name": "Load \"middlewares\" to Application",
    "start": 1587831327247,
    "end": 1587831327297,
    "duration": 50,
    "pid": 26547,
    "index": 63
  },
  {
    "name": "Load Controller",
    "start": 1587831327303,
    "end": 1587831327325,
    "duration": 22,
    "pid": 26547,
    "index": 64
  },
  {
    "name": "Load \"controller\" to Application",
    "start": 1587831327303,
    "end": 1587831327325,
    "duration": 22,
    "pid": 26547,
    "index": 65
  },
  {
    "name": "Load Router",
    "start": 1587831327325,
    "end": 1587831327327,
    "duration": 2,
    "pid": 26547,
    "index": 66
  },
  {
    "name": "Require(49) app/router.js",
    "start": 1587831327325,
    "end": 1587831327326,
    "duration": 1,
    "pid": 26547,
    "index": 67
  },
  {
    "name": "Before Start in node_modules/egg-core/lib/egg.js:303:10",
    "start": 1587831327326,
    "end": 1587831327335,
    "duration": 9,
    "pid": 26547,
    "index": 68
  }
]