[
  {
    "name": "Application Start",
    "start": 1587831117916,
    "end": 1587831118274,
    "duration": 358,
    "pid": 26456,
    "index": 0
  },
  {
    "name": "Load Plugin",
    "start": 1587831117920,
    "end": 1587831117928,
    "duration": 8,
    "pid": 26456,
    "index": 1
  },
  {
    "name": "Load Config",
    "start": 1587831117928,
    "end": 1587831117942,
    "duration": 14,
    "pid": 26456,
    "index": 2
  },
  {
    "name": "Require(0) config/config.default.js",
    "start": 1587831117929,
    "end": 1587831117929,
    "duration": 0,
    "pid": 26456,
    "index": 3
  },
  {
    "name": "Require(1) node_modules/egg-session/config/config.default.js",
    "start": 1587831117930,
    "end": 1587831117930,
    "duration": 0,
    "pid": 26456,
    "index": 4
  },
  {
    "name": "Require(2) node_modules/egg-security/config/config.default.js",
    "start": 1587831117930,
    "end": 1587831117931,
    "duration": 1,
    "pid": 26456,
    "index": 5
  },
  {
    "name": "Require(3) node_modules/egg-jsonp/config/config.default.js",
    "start": 1587831117931,
    "end": 1587831117932,
    "duration": 1,
    "pid": 26456,
    "index": 6
  },
  {
    "name": "Require(4) node_modules/egg-onerror/config/config.default.js",
    "start": 1587831117932,
    "end": 1587831117932,
    "duration": 0,
    "pid": 26456,
    "index": 7
  },
  {
    "name": "Require(5) node_modules/egg-i18n/config/config.default.js",
    "start": 1587831117932,
    "end": 1587831117933,
    "duration": 1,
    "pid": 26456,
    "index": 8
  },
  {
    "name": "Require(6) node_modules/egg-watcher/config/config.default.js",
    "start": 1587831117933,
    "end": 1587831117933,
    "duration": 0,
    "pid": 26456,
    "index": 9
  },
  {
    "name": "Require(7) node_modules/egg-schedule/config/config.default.js",
    "start": 1587831117934,
    "end": 1587831117934,
    "duration": 0,
    "pid": 26456,
    "index": 10
  },
  {
    "name": "Require(8) node_modules/egg-multipart/config/config.default.js",
    "start": 1587831117934,
    "end": 1587831117935,
    "duration": 1,
    "pid": 26456,
    "index": 11
  },
  {
    "name": "Require(9) node_modules/egg-development/config/config.default.js",
    "start": 1587831117935,
    "end": 1587831117935,
    "duration": 0,
    "pid": 26456,
    "index": 12
  },
  {
    "name": "Require(10) node_modules/egg-logrotator/config/config.default.js",
    "start": 1587831117935,
    "end": 1587831117936,
    "duration": 1,
    "pid": 26456,
    "index": 13
  },
  {
    "name": "Require(11) node_modules/egg-static/config/config.default.js",
    "start": 1587831117936,
    "end": 1587831117936,
    "duration": 0,
    "pid": 26456,
    "index": 14
  },
  {
    "name": "Require(12) node_modules/egg-view/config/config.default.js",
    "start": 1587831117936,
    "end": 1587831117937,
    "duration": 1,
    "pid": 26456,
    "index": 15
  },
  {
    "name": "Require(13) node_modules/_egg-mysql@3.0.0@egg-mysql/config/config.default.js",
    "start": 1587831117937,
    "end": 1587831117937,
    "duration": 0,
    "pid": 26456,
    "index": 16
  },
  {
    "name": "Require(14) node_modules/_egg-view-ejs@2.0.1@egg-view-ejs/config/config.default.js",
    "start": 1587831117937,
    "end": 1587831117938,
    "duration": 1,
    "pid": 26456,
    "index": 17
  },
  {
    "name": "Require(15) node_modules/egg/config/config.default.js",
    "start": 1587831117938,
    "end": 1587831117938,
    "duration": 0,
    "pid": 26456,
    "index": 18
  },
  {
    "name": "Require(16) config/config.default.js",
    "start": 1587831117939,
    "end": 1587831117939,
    "duration": 0,
    "pid": 26456,
    "index": 19
  },
  {
    "name": "Require(17) node_modules/egg-security/config/config.local.js",
    "start": 1587831117940,
    "end": 1587831117940,
    "duration": 0,
    "pid": 26456,
    "index": 20
  },
  {
    "name": "Require(18) node_modules/egg-watcher/config/config.local.js",
    "start": 1587831117940,
    "end": 1587831117940,
    "duration": 0,
    "pid": 26456,
    "index": 21
  },
  {
    "name": "Require(19) node_modules/egg-view/config/config.local.js",
    "start": 1587831117941,
    "end": 1587831117941,
    "duration": 0,
    "pid": 26456,
    "index": 22
  },
  {
    "name": "Require(20) node_modules/_egg-view-ejs@2.0.1@egg-view-ejs/config/config.local.js",
    "start": 1587831117941,
    "end": 1587831117942,
    "duration": 1,
    "pid": 26456,
    "index": 23
  },
  {
    "name": "Require(21) node_modules/egg/config/config.local.js",
    "start": 1587831117942,
    "end": 1587831117942,
    "duration": 0,
    "pid": 26456,
    "index": 24
  },
  {
    "name": "Load extend/application.js",
    "start": 1587831117943,
    "end": 1587831117948,
    "duration": 5,
    "pid": 26456,
    "index": 25
  },
  {
    "name": "Require(22) node_modules/egg-session/app/extend/application.js",
    "start": 1587831117943,
    "end": 1587831117944,
    "duration": 1,
    "pid": 26456,
    "index": 26
  },
  {
    "name": "Require(23) node_modules/egg-security/app/extend/application.js",
    "start": 1587831117944,
    "end": 1587831117944,
    "duration": 0,
    "pid": 26456,
    "index": 27
  },
  {
    "name": "Require(24) node_modules/egg-jsonp/app/extend/application.js",
    "start": 1587831117944,
    "end": 1587831117945,
    "duration": 1,
    "pid": 26456,
    "index": 28
  },
  {
    "name": "Require(25) node_modules/egg-logrotator/app/extend/application.js",
    "start": 1587831117945,
    "end": 1587831117946,
    "duration": 1,
    "pid": 26456,
    "index": 29
  },
  {
    "name": "Require(26) node_modules/egg-view/app/extend/application.js",
    "start": 1587831117946,
    "end": 1587831117947,
    "duration": 1,
    "pid": 26456,
    "index": 30
  },
  {
    "name": "Load extend/request.js",
    "start": 1587831117948,
    "end": 1587831117950,
    "duration": 2,
    "pid": 26456,
    "index": 31
  },
  {
    "name": "Require(27) node_modules/egg/app/extend/request.js",
    "start": 1587831117949,
    "end": 1587831117949,
    "duration": 0,
    "pid": 26456,
    "index": 32
  },
  {
    "name": "Load extend/response.js",
    "start": 1587831117950,
    "end": 1587831117953,
    "duration": 3,
    "pid": 26456,
    "index": 33
  },
  {
    "name": "Require(28) node_modules/egg/app/extend/response.js",
    "start": 1587831117951,
    "end": 1587831117952,
    "duration": 1,
    "pid": 26456,
    "index": 34
  },
  {
    "name": "Load extend/context.js",
    "start": 1587831117953,
    "end": 1587831117989,
    "duration": 36,
    "pid": 26456,
    "index": 35
  },
  {
    "name": "Require(29) node_modules/egg-security/app/extend/context.js",
    "start": 1587831117953,
    "end": 1587831117957,
    "duration": 4,
    "pid": 26456,
    "index": 36
  },
  {
    "name": "Require(30) node_modules/egg-jsonp/app/extend/context.js",
    "start": 1587831117957,
    "end": 1587831117958,
    "duration": 1,
    "pid": 26456,
    "index": 37
  },
  {
    "name": "Require(31) node_modules/egg-i18n/app/extend/context.js",
    "start": 1587831117958,
    "end": 1587831117958,
    "duration": 0,
    "pid": 26456,
    "index": 38
  },
  {
    "name": "Require(32) node_modules/egg-multipart/app/extend/context.js",
    "start": 1587831117959,
    "end": 1587831117986,
    "duration": 27,
    "pid": 26456,
    "index": 39
  },
  {
    "name": "Require(33) node_modules/egg-view/app/extend/context.js",
    "start": 1587831117986,
    "end": 1587831117987,
    "duration": 1,
    "pid": 26456,
    "index": 40
  },
  {
    "name": "Require(34) node_modules/egg/app/extend/context.js",
    "start": 1587831117987,
    "end": 1587831117988,
    "duration": 1,
    "pid": 26456,
    "index": 41
  },
  {
    "name": "Load extend/helper.js",
    "start": 1587831117989,
    "end": 1587831118002,
    "duration": 13,
    "pid": 26456,
    "index": 42
  },
  {
    "name": "Require(35) node_modules/egg-security/app/extend/helper.js",
    "start": 1587831117989,
    "end": 1587831118000,
    "duration": 11,
    "pid": 26456,
    "index": 43
  },
  {
    "name": "Require(36) node_modules/egg/app/extend/helper.js",
    "start": 1587831118001,
    "end": 1587831118001,
    "duration": 0,
    "pid": 26456,
    "index": 44
  },
  {
    "name": "Load app.js",
    "start": 1587831118002,
    "end": 1587831118030,
    "duration": 28,
    "pid": 26456,
    "index": 45
  },
  {
    "name": "Require(37) node_modules/egg-session/app.js",
    "start": 1587831118002,
    "end": 1587831118002,
    "duration": 0,
    "pid": 26456,
    "index": 46
  },
  {
    "name": "Require(38) node_modules/egg-security/app.js",
    "start": 1587831118003,
    "end": 1587831118003,
    "duration": 0,
    "pid": 26456,
    "index": 47
  },
  {
    "name": "Require(39) node_modules/egg-onerror/app.js",
    "start": 1587831118004,
    "end": 1587831118008,
    "duration": 4,
    "pid": 26456,
    "index": 48
  },
  {
    "name": "Require(40) node_modules/egg-i18n/app.js",
    "start": 1587831118008,
    "end": 1587831118015,
    "duration": 7,
    "pid": 26456,
    "index": 49
  },
  {
    "name": "Require(41) node_modules/egg-watcher/app.js",
    "start": 1587831118015,
    "end": 1587831118017,
    "duration": 2,
    "pid": 26456,
    "index": 50
  },
  {
    "name": "Require(42) node_modules/egg-schedule/app.js",
    "start": 1587831118017,
    "end": 1587831118018,
    "duration": 1,
    "pid": 26456,
    "index": 51
  },
  {
    "name": "Require(43) node_modules/egg-multipart/app.js",
    "start": 1587831118018,
    "end": 1587831118019,
    "duration": 1,
    "pid": 26456,
    "index": 52
  },
  {
    "name": "Require(44) node_modules/egg-development/app.js",
    "start": 1587831118019,
    "end": 1587831118019,
    "duration": 0,
    "pid": 26456,
    "index": 53
  },
  {
    "name": "Require(45) node_modules/egg-logrotator/app.js",
    "start": 1587831118019,
    "end": 1587831118020,
    "duration": 1,
    "pid": 26456,
    "index": 54
  },
  {
    "name": "Require(46) node_modules/egg-static/app.js",
    "start": 1587831118020,
    "end": 1587831118020,
    "duration": 0,
    "pid": 26456,
    "index": 55
  },
  {
    "name": "Require(47) node_modules/_egg-mysql@3.0.0@egg-mysql/app.js",
    "start": 1587831118020,
    "end": 1587831118029,
    "duration": 9,
    "pid": 26456,
    "index": 56
  },
  {
    "name": "Require(48) node_modules/_egg-view-ejs@2.0.1@egg-view-ejs/app.js",
    "start": 1587831118029,
    "end": 1587831118029,
    "duration": 0,
    "pid": 26456,
    "index": 57
  },
  {
    "name": "Before Start in node_modules/egg-watcher/lib/init.js:15:14",
    "start": 1587831118036,
    "end": 1587831118185,
    "duration": 149,
    "pid": 26456,
    "index": 58
  },
  {
    "name": "Before Start in node_modules/_egg-mysql@3.0.0@egg-mysql/lib/mysql.js:20:7",
    "start": 1587831118106,
    "end": 1587831118273,
    "duration": 167,
    "pid": 26456,
    "index": 59
  },
  {
    "name": "Load Service",
    "start": 1587831118109,
    "end": 1587831118113,
    "duration": 4,
    "pid": 26456,
    "index": 60
  },
  {
    "name": "Load \"service\" to Context",
    "start": 1587831118109,
    "end": 1587831118113,
    "duration": 4,
    "pid": 26456,
    "index": 61
  },
  {
    "name": "Load Middleware",
    "start": 1587831118113,
    "end": 1587831118154,
    "duration": 41,
    "pid": 26456,
    "index": 62
  },
  {
    "name": "Load \"middlewares\" to Application",
    "start": 1587831118113,
    "end": 1587831118148,
    "duration": 35,
    "pid": 26456,
    "index": 63
  },
  {
    "name": "Load Controller",
    "start": 1587831118154,
    "end": 1587831118169,
    "duration": 15,
    "pid": 26456,
    "index": 64
  },
  {
    "name": "Load \"controller\" to Application",
    "start": 1587831118154,
    "end": 1587831118169,
    "duration": 15,
    "pid": 26456,
    "index": 65
  },
  {
    "name": "Load Router",
    "start": 1587831118169,
    "end": 1587831118170,
    "duration": 1,
    "pid": 26456,
    "index": 66
  },
  {
    "name": "Require(49) app/router.js",
    "start": 1587831118169,
    "end": 1587831118169,
    "duration": 0,
    "pid": 26456,
    "index": 67
  },
  {
    "name": "Before Start in node_modules/egg-core/lib/egg.js:303:10",
    "start": 1587831118169,
    "end": 1587831118179,
    "duration": 10,
    "pid": 26456,
    "index": 68
  }
]