[
  {
    "name": "Application Start",
    "start": 1587831093126,
    "end": 1587831093473,
    "duration": 347,
    "pid": 26431,
    "index": 0
  },
  {
    "name": "Load Plugin",
    "start": 1587831093129,
    "end": 1587831093137,
    "duration": 8,
    "pid": 26431,
    "index": 1
  },
  {
    "name": "Load Config",
    "start": 1587831093137,
    "end": 1587831093149,
    "duration": 12,
    "pid": 26431,
    "index": 2
  },
  {
    "name": "Require(0) config/config.default.js",
    "start": 1587831093137,
    "end": 1587831093137,
    "duration": 0,
    "pid": 26431,
    "index": 3
  },
  {
    "name": "Require(1) node_modules/egg-session/config/config.default.js",
    "start": 1587831093138,
    "end": 1587831093138,
    "duration": 0,
    "pid": 26431,
    "index": 4
  },
  {
    "name": "Require(2) node_modules/egg-security/config/config.default.js",
    "start": 1587831093139,
    "end": 1587831093139,
    "duration": 0,
    "pid": 26431,
    "index": 5
  },
  {
    "name": "Require(3) node_modules/egg-jsonp/config/config.default.js",
    "start": 1587831093140,
    "end": 1587831093140,
    "duration": 0,
    "pid": 26431,
    "index": 6
  },
  {
    "name": "Require(4) node_modules/egg-onerror/config/config.default.js",
    "start": 1587831093140,
    "end": 1587831093140,
    "duration": 0,
    "pid": 26431,
    "index": 7
  },
  {
    "name": "Require(5) node_modules/egg-i18n/config/config.default.js",
    "start": 1587831093141,
    "end": 1587831093141,
    "duration": 0,
    "pid": 26431,
    "index": 8
  },
  {
    "name": "Require(6) node_modules/egg-watcher/config/config.default.js",
    "start": 1587831093141,
    "end": 1587831093142,
    "duration": 1,
    "pid": 26431,
    "index": 9
  },
  {
    "name": "Require(7) node_modules/egg-schedule/config/config.default.js",
    "start": 1587831093142,
    "end": 1587831093142,
    "duration": 0,
    "pid": 26431,
    "index": 10
  },
  {
    "name": "Require(8) node_modules/egg-multipart/config/config.default.js",
    "start": 1587831093142,
    "end": 1587831093143,
    "duration": 1,
    "pid": 26431,
    "index": 11
  },
  {
    "name": "Require(9) node_modules/egg-development/config/config.default.js",
    "start": 1587831093143,
    "end": 1587831093143,
    "duration": 0,
    "pid": 26431,
    "index": 12
  },
  {
    "name": "Require(10) node_modules/egg-logrotator/config/config.default.js",
    "start": 1587831093143,
    "end": 1587831093144,
    "duration": 1,
    "pid": 26431,
    "index": 13
  },
  {
    "name": "Require(11) node_modules/egg-static/config/config.default.js",
    "start": 1587831093144,
    "end": 1587831093144,
    "duration": 0,
    "pid": 26431,
    "index": 14
  },
  {
    "name": "Require(12) node_modules/egg-view/config/config.default.js",
    "start": 1587831093144,
    "end": 1587831093145,
    "duration": 1,
    "pid": 26431,
    "index": 15
  },
  {
    "name": "Require(13) node_modules/_egg-mysql@3.0.0@egg-mysql/config/config.default.js",
    "start": 1587831093145,
    "end": 1587831093145,
    "duration": 0,
    "pid": 26431,
    "index": 16
  },
  {
    "name": "Require(14) node_modules/_egg-view-ejs@2.0.1@egg-view-ejs/config/config.default.js",
    "start": 1587831093145,
    "end": 1587831093145,
    "duration": 0,
    "pid": 26431,
    "index": 17
  },
  {
    "name": "Require(15) node_modules/egg/config/config.default.js",
    "start": 1587831093146,
    "end": 1587831093146,
    "duration": 0,
    "pid": 26431,
    "index": 18
  },
  {
    "name": "Require(16) config/config.default.js",
    "start": 1587831093147,
    "end": 1587831093147,
    "duration": 0,
    "pid": 26431,
    "index": 19
  },
  {
    "name": "Require(17) node_modules/egg-security/config/config.local.js",
    "start": 1587831093147,
    "end": 1587831093147,
    "duration": 0,
    "pid": 26431,
    "index": 20
  },
  {
    "name": "Require(18) node_modules/egg-watcher/config/config.local.js",
    "start": 1587831093148,
    "end": 1587831093148,
    "duration": 0,
    "pid": 26431,
    "index": 21
  },
  {
    "name": "Require(19) node_modules/egg-view/config/config.local.js",
    "start": 1587831093148,
    "end": 1587831093149,
    "duration": 1,
    "pid": 26431,
    "index": 22
  },
  {
    "name": "Require(20) node_modules/_egg-view-ejs@2.0.1@egg-view-ejs/config/config.local.js",
    "start": 1587831093149,
    "end": 1587831093149,
    "duration": 0,
    "pid": 26431,
    "index": 23
  },
  {
    "name": "Require(21) node_modules/egg/config/config.local.js",
    "start": 1587831093149,
    "end": 1587831093149,
    "duration": 0,
    "pid": 26431,
    "index": 24
  },
  {
    "name": "Load extend/application.js",
    "start": 1587831093150,
    "end": 1587831093155,
    "duration": 5,
    "pid": 26431,
    "index": 25
  },
  {
    "name": "Require(22) node_modules/egg-session/app/extend/application.js",
    "start": 1587831093150,
    "end": 1587831093151,
    "duration": 1,
    "pid": 26431,
    "index": 26
  },
  {
    "name": "Require(23) node_modules/egg-security/app/extend/application.js",
    "start": 1587831093151,
    "end": 1587831093151,
    "duration": 0,
    "pid": 26431,
    "index": 27
  },
  {
    "name": "Require(24) node_modules/egg-jsonp/app/extend/application.js",
    "start": 1587831093152,
    "end": 1587831093152,
    "duration": 0,
    "pid": 26431,
    "index": 28
  },
  {
    "name": "Require(25) node_modules/egg-logrotator/app/extend/application.js",
    "start": 1587831093153,
    "end": 1587831093153,
    "duration": 0,
    "pid": 26431,
    "index": 29
  },
  {
    "name": "Require(26) node_modules/egg-view/app/extend/application.js",
    "start": 1587831093153,
    "end": 1587831093154,
    "duration": 1,
    "pid": 26431,
    "index": 30
  },
  {
    "name": "Load extend/request.js",
    "start": 1587831093155,
    "end": 1587831093157,
    "duration": 2,
    "pid": 26431,
    "index": 31
  },
  {
    "name": "Require(27) node_modules/egg/app/extend/request.js",
    "start": 1587831093156,
    "end": 1587831093156,
    "duration": 0,
    "pid": 26431,
    "index": 32
  },
  {
    "name": "Load extend/response.js",
    "start": 1587831093157,
    "end": 1587831093160,
    "duration": 3,
    "pid": 26431,
    "index": 33
  },
  {
    "name": "Require(28) node_modules/egg/app/extend/response.js",
    "start": 1587831093158,
    "end": 1587831093159,
    "duration": 1,
    "pid": 26431,
    "index": 34
  },
  {
    "name": "Load extend/context.js",
    "start": 1587831093160,
    "end": 1587831093195,
    "duration": 35,
    "pid": 26431,
    "index": 35
  },
  {
    "name": "Require(29) node_modules/egg-security/app/extend/context.js",
    "start": 1587831093160,
    "end": 1587831093164,
    "duration": 4,
    "pid": 26431,
    "index": 36
  },
  {
    "name": "Require(30) node_modules/egg-jsonp/app/extend/context.js",
    "start": 1587831093164,
    "end": 1587831093165,
    "duration": 1,
    "pid": 26431,
    "index": 37
  },
  {
    "name": "Require(31) node_modules/egg-i18n/app/extend/context.js",
    "start": 1587831093165,
    "end": 1587831093165,
    "duration": 0,
    "pid": 26431,
    "index": 38
  },
  {
    "name": "Require(32) node_modules/egg-multipart/app/extend/context.js",
    "start": 1587831093165,
    "end": 1587831093192,
    "duration": 27,
    "pid": 26431,
    "index": 39
  },
  {
    "name": "Require(33) node_modules/egg-view/app/extend/context.js",
    "start": 1587831093192,
    "end": 1587831093193,
    "duration": 1,
    "pid": 26431,
    "index": 40
  },
  {
    "name": "Require(34) node_modules/egg/app/extend/context.js",
    "start": 1587831093193,
    "end": 1587831093195,
    "duration": 2,
    "pid": 26431,
    "index": 41
  },
  {
    "name": "Load extend/helper.js",
    "start": 1587831093195,
    "end": 1587831093208,
    "duration": 13,
    "pid": 26431,
    "index": 42
  },
  {
    "name": "Require(35) node_modules/egg-security/app/extend/helper.js",
    "start": 1587831093196,
    "end": 1587831093206,
    "duration": 10,
    "pid": 26431,
    "index": 43
  },
  {
    "name": "Require(36) node_modules/egg/app/extend/helper.js",
    "start": 1587831093207,
    "end": 1587831093207,
    "duration": 0,
    "pid": 26431,
    "index": 44
  },
  {
    "name": "Load app.js",
    "start": 1587831093208,
    "end": 1587831093234,
    "duration": 26,
    "pid": 26431,
    "index": 45
  },
  {
    "name": "Require(37) node_modules/egg-session/app.js",
    "start": 1587831093208,
    "end": 1587831093208,
    "duration": 0,
    "pid": 26431,
    "index": 46
  },
  {
    "name": "Require(38) node_modules/egg-security/app.js",
    "start": 1587831093208,
    "end": 1587831093209,
    "duration": 1,
    "pid": 26431,
    "index": 47
  },
  {
    "name": "Require(39) node_modules/egg-onerror/app.js",
    "start": 1587831093209,
    "end": 1587831093213,
    "duration": 4,
    "pid": 26431,
    "index": 48
  },
  {
    "name": "Require(40) node_modules/egg-i18n/app.js",
    "start": 1587831093213,
    "end": 1587831093220,
    "duration": 7,
    "pid": 26431,
    "index": 49
  },
  {
    "name": "Require(41) node_modules/egg-watcher/app.js",
    "start": 1587831093220,
    "end": 1587831093221,
    "duration": 1,
    "pid": 26431,
    "index": 50
  },
  {
    "name": "Require(42) node_modules/egg-schedule/app.js",
    "start": 1587831093222,
    "end": 1587831093222,
    "duration": 0,
    "pid": 26431,
    "index": 51
  },
  {
    "name": "Require(43) node_modules/egg-multipart/app.js",
    "start": 1587831093222,
    "end": 1587831093223,
    "duration": 1,
    "pid": 26431,
    "index": 52
  },
  {
    "name": "Require(44) node_modules/egg-development/app.js",
    "start": 1587831093224,
    "end": 1587831093224,
    "duration": 0,
    "pid": 26431,
    "index": 53
  },
  {
    "name": "Require(45) node_modules/egg-logrotator/app.js",
    "start": 1587831093224,
    "end": 1587831093224,
    "duration": 0,
    "pid": 26431,
    "index": 54
  },
  {
    "name": "Require(46) node_modules/egg-static/app.js",
    "start": 1587831093224,
    "end": 1587831093224,
    "duration": 0,
    "pid": 26431,
    "index": 55
  },
  {
    "name": "Require(47) node_modules/_egg-mysql@3.0.0@egg-mysql/app.js",
    "start": 1587831093225,
    "end": 1587831093233,
    "duration": 8,
    "pid": 26431,
    "index": 56
  },
  {
    "name": "Require(48) node_modules/_egg-view-ejs@2.0.1@egg-view-ejs/app.js",
    "start": 1587831093234,
    "end": 1587831093234,
    "duration": 0,
    "pid": 26431,
    "index": 57
  },
  {
    "name": "Before Start in node_modules/egg-watcher/lib/init.js:15:14",
    "start": 1587831093242,
    "end": 1587831093411,
    "duration": 169,
    "pid": 26431,
    "index": 58
  },
  {
    "name": "Before Start in node_modules/_egg-mysql@3.0.0@egg-mysql/lib/mysql.js:20:7",
    "start": 1587831093321,
    "end": 1587831093473,
    "duration": 152,
    "pid": 26431,
    "index": 59
  },
  {
    "name": "Load Service",
    "start": 1587831093324,
    "end": 1587831093329,
    "duration": 5,
    "pid": 26431,
    "index": 60
  },
  {
    "name": "Load \"service\" to Context",
    "start": 1587831093324,
    "end": 1587831093329,
    "duration": 5,
    "pid": 26431,
    "index": 61
  },
  {
    "name": "Load Middleware",
    "start": 1587831093329,
    "end": 1587831093370,
    "duration": 41,
    "pid": 26431,
    "index": 62
  },
  {
    "name": "Load \"middlewares\" to Application",
    "start": 1587831093329,
    "end": 1587831093365,
    "duration": 36,
    "pid": 26431,
    "index": 63
  },
  {
    "name": "Load Controller",
    "start": 1587831093370,
    "end": 1587831093385,
    "duration": 15,
    "pid": 26431,
    "index": 64
  },
  {
    "name": "Load \"controller\" to Application",
    "start": 1587831093370,
    "end": 1587831093385,
    "duration": 15,
    "pid": 26431,
    "index": 65
  },
  {
    "name": "Load Router",
    "start": 1587831093385,
    "end": 1587831093387,
    "duration": 2,
    "pid": 26431,
    "index": 66
  },
  {
    "name": "Require(49) app/router.js",
    "start": 1587831093385,
    "end": 1587831093386,
    "duration": 1,
    "pid": 26431,
    "index": 67
  },
  {
    "name": "Before Start in node_modules/egg-core/lib/egg.js:303:10",
    "start": 1587831093386,
    "end": 1587831093397,
    "duration": 11,
    "pid": 26431,
    "index": 68
  }
]