[
  {
    "name": "Application Start",
    "start": 1587830598180,
    "end": 1587830598636,
    "duration": 456,
    "pid": 25987,
    "index": 0
  },
  {
    "name": "Load Plugin",
    "start": 1587830598184,
    "end": 1587830598195,
    "duration": 11,
    "pid": 25987,
    "index": 1
  },
  {
    "name": "Load Config",
    "start": 1587830598195,
    "end": 1587830598212,
    "duration": 17,
    "pid": 25987,
    "index": 2
  },
  {
    "name": "Require(0) config/config.default.js",
    "start": 1587830598195,
    "end": 1587830598196,
    "duration": 1,
    "pid": 25987,
    "index": 3
  },
  {
    "name": "Require(1) node_modules/egg-session/config/config.default.js",
    "start": 1587830598197,
    "end": 1587830598197,
    "duration": 0,
    "pid": 25987,
    "index": 4
  },
  {
    "name": "Require(2) node_modules/egg-security/config/config.default.js",
    "start": 1587830598197,
    "end": 1587830598198,
    "duration": 1,
    "pid": 25987,
    "index": 5
  },
  {
    "name": "Require(3) node_modules/egg-jsonp/config/config.default.js",
    "start": 1587830598198,
    "end": 1587830598199,
    "duration": 1,
    "pid": 25987,
    "index": 6
  },
  {
    "name": "Require(4) node_modules/egg-onerror/config/config.default.js",
    "start": 1587830598199,
    "end": 1587830598200,
    "duration": 1,
    "pid": 25987,
    "index": 7
  },
  {
    "name": "Require(5) node_modules/egg-i18n/config/config.default.js",
    "start": 1587830598200,
    "end": 1587830598200,
    "duration": 0,
    "pid": 25987,
    "index": 8
  },
  {
    "name": "Require(6) node_modules/egg-watcher/config/config.default.js",
    "start": 1587830598201,
    "end": 1587830598201,
    "duration": 0,
    "pid": 25987,
    "index": 9
  },
  {
    "name": "Require(7) node_modules/egg-schedule/config/config.default.js",
    "start": 1587830598201,
    "end": 1587830598202,
    "duration": 1,
    "pid": 25987,
    "index": 10
  },
  {
    "name": "Require(8) node_modules/egg-multipart/config/config.default.js",
    "start": 1587830598202,
    "end": 1587830598203,
    "duration": 1,
    "pid": 25987,
    "index": 11
  },
  {
    "name": "Require(9) node_modules/egg-development/config/config.default.js",
    "start": 1587830598203,
    "end": 1587830598203,
    "duration": 0,
    "pid": 25987,
    "index": 12
  },
  {
    "name": "Require(10) node_modules/egg-logrotator/config/config.default.js",
    "start": 1587830598204,
    "end": 1587830598204,
    "duration": 0,
    "pid": 25987,
    "index": 13
  },
  {
    "name": "Require(11) node_modules/egg-static/config/config.default.js",
    "start": 1587830598204,
    "end": 1587830598205,
    "duration": 1,
    "pid": 25987,
    "index": 14
  },
  {
    "name": "Require(12) node_modules/egg-view/config/config.default.js",
    "start": 1587830598205,
    "end": 1587830598206,
    "duration": 1,
    "pid": 25987,
    "index": 15
  },
  {
    "name": "Require(13) node_modules/_egg-mysql@3.0.0@egg-mysql/config/config.default.js",
    "start": 1587830598206,
    "end": 1587830598207,
    "duration": 1,
    "pid": 25987,
    "index": 16
  },
  {
    "name": "Require(14) node_modules/_egg-view-ejs@2.0.1@egg-view-ejs/config/config.default.js",
    "start": 1587830598207,
    "end": 1587830598207,
    "duration": 0,
    "pid": 25987,
    "index": 17
  },
  {
    "name": "Require(15) node_modules/egg/config/config.default.js",
    "start": 1587830598207,
    "end": 1587830598208,
    "duration": 1,
    "pid": 25987,
    "index": 18
  },
  {
    "name": "Require(16) config/config.default.js",
    "start": 1587830598209,
    "end": 1587830598209,
    "duration": 0,
    "pid": 25987,
    "index": 19
  },
  {
    "name": "Require(17) node_modules/egg-security/config/config.local.js",
    "start": 1587830598209,
    "end": 1587830598210,
    "duration": 1,
    "pid": 25987,
    "index": 20
  },
  {
    "name": "Require(18) node_modules/egg-watcher/config/config.local.js",
    "start": 1587830598210,
    "end": 1587830598211,
    "duration": 1,
    "pid": 25987,
    "index": 21
  },
  {
    "name": "Require(19) node_modules/egg-view/config/config.local.js",
    "start": 1587830598211,
    "end": 1587830598211,
    "duration": 0,
    "pid": 25987,
    "index": 22
  },
  {
    "name": "Require(20) node_modules/_egg-view-ejs@2.0.1@egg-view-ejs/config/config.local.js",
    "start": 1587830598211,
    "end": 1587830598212,
    "duration": 1,
    "pid": 25987,
    "index": 23
  },
  {
    "name": "Require(21) node_modules/egg/config/config.local.js",
    "start": 1587830598212,
    "end": 1587830598212,
    "duration": 0,
    "pid": 25987,
    "index": 24
  },
  {
    "name": "Load extend/application.js",
    "start": 1587830598213,
    "end": 1587830598220,
    "duration": 7,
    "pid": 25987,
    "index": 25
  },
  {
    "name": "Require(22) node_modules/egg-session/app/extend/application.js",
    "start": 1587830598213,
    "end": 1587830598214,
    "duration": 1,
    "pid": 25987,
    "index": 26
  },
  {
    "name": "Require(23) node_modules/egg-security/app/extend/application.js",
    "start": 1587830598214,
    "end": 1587830598215,
    "duration": 1,
    "pid": 25987,
    "index": 27
  },
  {
    "name": "Require(24) node_modules/egg-jsonp/app/extend/application.js",
    "start": 1587830598215,
    "end": 1587830598216,
    "duration": 1,
    "pid": 25987,
    "index": 28
  },
  {
    "name": "Require(25) node_modules/egg-logrotator/app/extend/application.js",
    "start": 1587830598217,
    "end": 1587830598218,
    "duration": 1,
    "pid": 25987,
    "index": 29
  },
  {
    "name": "Require(26) node_modules/egg-view/app/extend/application.js",
    "start": 1587830598218,
    "end": 1587830598219,
    "duration": 1,
    "pid": 25987,
    "index": 30
  },
  {
    "name": "Load extend/request.js",
    "start": 1587830598220,
    "end": 1587830598222,
    "duration": 2,
    "pid": 25987,
    "index": 31
  },
  {
    "name": "Require(27) node_modules/egg/app/extend/request.js",
    "start": 1587830598221,
    "end": 1587830598221,
    "duration": 0,
    "pid": 25987,
    "index": 32
  },
  {
    "name": "Load extend/response.js",
    "start": 1587830598222,
    "end": 1587830598225,
    "duration": 3,
    "pid": 25987,
    "index": 33
  },
  {
    "name": "Require(28) node_modules/egg/app/extend/response.js",
    "start": 1587830598223,
    "end": 1587830598224,
    "duration": 1,
    "pid": 25987,
    "index": 34
  },
  {
    "name": "Load extend/context.js",
    "start": 1587830598225,
    "end": 1587830598270,
    "duration": 45,
    "pid": 25987,
    "index": 35
  },
  {
    "name": "Require(29) node_modules/egg-security/app/extend/context.js",
    "start": 1587830598225,
    "end": 1587830598232,
    "duration": 7,
    "pid": 25987,
    "index": 36
  },
  {
    "name": "Require(30) node_modules/egg-jsonp/app/extend/context.js",
    "start": 1587830598233,
    "end": 1587830598234,
    "duration": 1,
    "pid": 25987,
    "index": 37
  },
  {
    "name": "Require(31) node_modules/egg-i18n/app/extend/context.js",
    "start": 1587830598234,
    "end": 1587830598235,
    "duration": 1,
    "pid": 25987,
    "index": 38
  },
  {
    "name": "Require(32) node_modules/egg-multipart/app/extend/context.js",
    "start": 1587830598235,
    "end": 1587830598266,
    "duration": 31,
    "pid": 25987,
    "index": 39
  },
  {
    "name": "Require(33) node_modules/egg-view/app/extend/context.js",
    "start": 1587830598267,
    "end": 1587830598268,
    "duration": 1,
    "pid": 25987,
    "index": 40
  },
  {
    "name": "Require(34) node_modules/egg/app/extend/context.js",
    "start": 1587830598268,
    "end": 1587830598269,
    "duration": 1,
    "pid": 25987,
    "index": 41
  },
  {
    "name": "Load extend/helper.js",
    "start": 1587830598270,
    "end": 1587830598301,
    "duration": 31,
    "pid": 25987,
    "index": 42
  },
  {
    "name": "Require(35) node_modules/egg-security/app/extend/helper.js",
    "start": 1587830598271,
    "end": 1587830598299,
    "duration": 28,
    "pid": 25987,
    "index": 43
  },
  {
    "name": "Require(36) node_modules/egg/app/extend/helper.js",
    "start": 1587830598300,
    "end": 1587830598300,
    "duration": 0,
    "pid": 25987,
    "index": 44
  },
  {
    "name": "Load app.js",
    "start": 1587830598302,
    "end": 1587830598359,
    "duration": 57,
    "pid": 25987,
    "index": 45
  },
  {
    "name": "Require(37) node_modules/egg-session/app.js",
    "start": 1587830598302,
    "end": 1587830598303,
    "duration": 1,
    "pid": 25987,
    "index": 46
  },
  {
    "name": "Require(38) node_modules/egg-security/app.js",
    "start": 1587830598303,
    "end": 1587830598304,
    "duration": 1,
    "pid": 25987,
    "index": 47
  },
  {
    "name": "Require(39) node_modules/egg-onerror/app.js",
    "start": 1587830598305,
    "end": 1587830598320,
    "duration": 15,
    "pid": 25987,
    "index": 48
  },
  {
    "name": "Require(40) node_modules/egg-i18n/app.js",
    "start": 1587830598321,
    "end": 1587830598333,
    "duration": 12,
    "pid": 25987,
    "index": 49
  },
  {
    "name": "Require(41) node_modules/egg-watcher/app.js",
    "start": 1587830598333,
    "end": 1587830598336,
    "duration": 3,
    "pid": 25987,
    "index": 50
  },
  {
    "name": "Require(42) node_modules/egg-schedule/app.js",
    "start": 1587830598337,
    "end": 1587830598338,
    "duration": 1,
    "pid": 25987,
    "index": 51
  },
  {
    "name": "Require(43) node_modules/egg-multipart/app.js",
    "start": 1587830598338,
    "end": 1587830598340,
    "duration": 2,
    "pid": 25987,
    "index": 52
  },
  {
    "name": "Require(44) node_modules/egg-development/app.js",
    "start": 1587830598340,
    "end": 1587830598341,
    "duration": 1,
    "pid": 25987,
    "index": 53
  },
  {
    "name": "Require(45) node_modules/egg-logrotator/app.js",
    "start": 1587830598341,
    "end": 1587830598341,
    "duration": 0,
    "pid": 25987,
    "index": 54
  },
  {
    "name": "Require(46) node_modules/egg-static/app.js",
    "start": 1587830598342,
    "end": 1587830598342,
    "duration": 0,
    "pid": 25987,
    "index": 55
  },
  {
    "name": "Require(47) node_modules/_egg-mysql@3.0.0@egg-mysql/app.js",
    "start": 1587830598342,
    "end": 1587830598359,
    "duration": 17,
    "pid": 25987,
    "index": 56
  },
  {
    "name": "Require(48) node_modules/_egg-view-ejs@2.0.1@egg-view-ejs/app.js",
    "start": 1587830598359,
    "end": 1587830598359,
    "duration": 0,
    "pid": 25987,
    "index": 57
  },
  {
    "name": "Before Start in node_modules/egg-watcher/lib/init.js:15:14",
    "start": 1587830598365,
    "end": 1587830598577,
    "duration": 212,
    "pid": 25987,
    "index": 58
  },
  {
    "name": "Before Start in node_modules/_egg-mysql@3.0.0@egg-mysql/lib/mysql.js:20:7",
    "start": 1587830598450,
    "end": 1587830598635,
    "duration": 185,
    "pid": 25987,
    "index": 59
  },
  {
    "name": "Load Service",
    "start": 1587830598453,
    "end": 1587830598458,
    "duration": 5,
    "pid": 25987,
    "index": 60
  },
  {
    "name": "Load \"service\" to Context",
    "start": 1587830598453,
    "end": 1587830598458,
    "duration": 5,
    "pid": 25987,
    "index": 61
  },
  {
    "name": "Load Middleware",
    "start": 1587830598458,
    "end": 1587830598533,
    "duration": 75,
    "pid": 25987,
    "index": 62
  },
  {
    "name": "Load \"middlewares\" to Application",
    "start": 1587830598458,
    "end": 1587830598526,
    "duration": 68,
    "pid": 25987,
    "index": 63
  },
  {
    "name": "Load Controller",
    "start": 1587830598533,
    "end": 1587830598559,
    "duration": 26,
    "pid": 25987,
    "index": 64
  },
  {
    "name": "Load \"controller\" to Application",
    "start": 1587830598533,
    "end": 1587830598559,
    "duration": 26,
    "pid": 25987,
    "index": 65
  },
  {
    "name": "Load Router",
    "start": 1587830598559,
    "end": 1587830598561,
    "duration": 2,
    "pid": 25987,
    "index": 66
  },
  {
    "name": "Require(49) app/router.js",
    "start": 1587830598559,
    "end": 1587830598559,
    "duration": 0,
    "pid": 25987,
    "index": 67
  },
  {
    "name": "Before Start in node_modules/egg-core/lib/egg.js:303:10",
    "start": 1587830598560,
    "end": 1587830598569,
    "duration": 9,
    "pid": 25987,
    "index": 68
  }
]