[
  {
    "name": "Application Start",
    "start": 1587830386243,
    "end": 1587830386600,
    "duration": 357,
    "pid": 25871,
    "index": 0
  },
  {
    "name": "Load Plugin",
    "start": 1587830386246,
    "end": 1587830386254,
    "duration": 8,
    "pid": 25871,
    "index": 1
  },
  {
    "name": "Load Config",
    "start": 1587830386254,
    "end": 1587830386268,
    "duration": 14,
    "pid": 25871,
    "index": 2
  },
  {
    "name": "Require(0) config/config.default.js",
    "start": 1587830386255,
    "end": 1587830386255,
    "duration": 0,
    "pid": 25871,
    "index": 3
  },
  {
    "name": "Require(1) node_modules/egg-session/config/config.default.js",
    "start": 1587830386256,
    "end": 1587830386256,
    "duration": 0,
    "pid": 25871,
    "index": 4
  },
  {
    "name": "Require(2) node_modules/egg-security/config/config.default.js",
    "start": 1587830386257,
    "end": 1587830386257,
    "duration": 0,
    "pid": 25871,
    "index": 5
  },
  {
    "name": "Require(3) node_modules/egg-jsonp/config/config.default.js",
    "start": 1587830386258,
    "end": 1587830386258,
    "duration": 0,
    "pid": 25871,
    "index": 6
  },
  {
    "name": "Require(4) node_modules/egg-onerror/config/config.default.js",
    "start": 1587830386258,
    "end": 1587830386258,
    "duration": 0,
    "pid": 25871,
    "index": 7
  },
  {
    "name": "Require(5) node_modules/egg-i18n/config/config.default.js",
    "start": 1587830386259,
    "end": 1587830386259,
    "duration": 0,
    "pid": 25871,
    "index": 8
  },
  {
    "name": "Require(6) node_modules/egg-watcher/config/config.default.js",
    "start": 1587830386259,
    "end": 1587830386260,
    "duration": 1,
    "pid": 25871,
    "index": 9
  },
  {
    "name": "Require(7) node_modules/egg-schedule/config/config.default.js",
    "start": 1587830386260,
    "end": 1587830386260,
    "duration": 0,
    "pid": 25871,
    "index": 10
  },
  {
    "name": "Require(8) node_modules/egg-multipart/config/config.default.js",
    "start": 1587830386260,
    "end": 1587830386261,
    "duration": 1,
    "pid": 25871,
    "index": 11
  },
  {
    "name": "Require(9) node_modules/egg-development/config/config.default.js",
    "start": 1587830386261,
    "end": 1587830386261,
    "duration": 0,
    "pid": 25871,
    "index": 12
  },
  {
    "name": "Require(10) node_modules/egg-logrotator/config/config.default.js",
    "start": 1587830386262,
    "end": 1587830386262,
    "duration": 0,
    "pid": 25871,
    "index": 13
  },
  {
    "name": "Require(11) node_modules/egg-static/config/config.default.js",
    "start": 1587830386262,
    "end": 1587830386262,
    "duration": 0,
    "pid": 25871,
    "index": 14
  },
  {
    "name": "Require(12) node_modules/egg-view/config/config.default.js",
    "start": 1587830386263,
    "end": 1587830386263,
    "duration": 0,
    "pid": 25871,
    "index": 15
  },
  {
    "name": "Require(13) node_modules/_egg-mysql@3.0.0@egg-mysql/config/config.default.js",
    "start": 1587830386263,
    "end": 1587830386264,
    "duration": 1,
    "pid": 25871,
    "index": 16
  },
  {
    "name": "Require(14) node_modules/_egg-view-ejs@2.0.1@egg-view-ejs/config/config.default.js",
    "start": 1587830386264,
    "end": 1587830386264,
    "duration": 0,
    "pid": 25871,
    "index": 17
  },
  {
    "name": "Require(15) node_modules/egg/config/config.default.js",
    "start": 1587830386264,
    "end": 1587830386265,
    "duration": 1,
    "pid": 25871,
    "index": 18
  },
  {
    "name": "Require(16) config/config.default.js",
    "start": 1587830386266,
    "end": 1587830386266,
    "duration": 0,
    "pid": 25871,
    "index": 19
  },
  {
    "name": "Require(17) node_modules/egg-security/config/config.local.js",
    "start": 1587830386266,
    "end": 1587830386266,
    "duration": 0,
    "pid": 25871,
    "index": 20
  },
  {
    "name": "Require(18) node_modules/egg-watcher/config/config.local.js",
    "start": 1587830386267,
    "end": 1587830386267,
    "duration": 0,
    "pid": 25871,
    "index": 21
  },
  {
    "name": "Require(19) node_modules/egg-view/config/config.local.js",
    "start": 1587830386267,
    "end": 1587830386268,
    "duration": 1,
    "pid": 25871,
    "index": 22
  },
  {
    "name": "Require(20) node_modules/_egg-view-ejs@2.0.1@egg-view-ejs/config/config.local.js",
    "start": 1587830386268,
    "end": 1587830386268,
    "duration": 0,
    "pid": 25871,
    "index": 23
  },
  {
    "name": "Require(21) node_modules/egg/config/config.local.js",
    "start": 1587830386268,
    "end": 1587830386268,
    "duration": 0,
    "pid": 25871,
    "index": 24
  },
  {
    "name": "Load extend/application.js",
    "start": 1587830386269,
    "end": 1587830386275,
    "duration": 6,
    "pid": 25871,
    "index": 25
  },
  {
    "name": "Require(22) node_modules/egg-session/app/extend/application.js",
    "start": 1587830386270,
    "end": 1587830386270,
    "duration": 0,
    "pid": 25871,
    "index": 26
  },
  {
    "name": "Require(23) node_modules/egg-security/app/extend/application.js",
    "start": 1587830386270,
    "end": 1587830386271,
    "duration": 1,
    "pid": 25871,
    "index": 27
  },
  {
    "name": "Require(24) node_modules/egg-jsonp/app/extend/application.js",
    "start": 1587830386271,
    "end": 1587830386272,
    "duration": 1,
    "pid": 25871,
    "index": 28
  },
  {
    "name": "Require(25) node_modules/egg-logrotator/app/extend/application.js",
    "start": 1587830386272,
    "end": 1587830386273,
    "duration": 1,
    "pid": 25871,
    "index": 29
  },
  {
    "name": "Require(26) node_modules/egg-view/app/extend/application.js",
    "start": 1587830386273,
    "end": 1587830386274,
    "duration": 1,
    "pid": 25871,
    "index": 30
  },
  {
    "name": "Load extend/request.js",
    "start": 1587830386275,
    "end": 1587830386277,
    "duration": 2,
    "pid": 25871,
    "index": 31
  },
  {
    "name": "Require(27) node_modules/egg/app/extend/request.js",
    "start": 1587830386276,
    "end": 1587830386276,
    "duration": 0,
    "pid": 25871,
    "index": 32
  },
  {
    "name": "Load extend/response.js",
    "start": 1587830386277,
    "end": 1587830386280,
    "duration": 3,
    "pid": 25871,
    "index": 33
  },
  {
    "name": "Require(28) node_modules/egg/app/extend/response.js",
    "start": 1587830386278,
    "end": 1587830386279,
    "duration": 1,
    "pid": 25871,
    "index": 34
  },
  {
    "name": "Load extend/context.js",
    "start": 1587830386280,
    "end": 1587830386319,
    "duration": 39,
    "pid": 25871,
    "index": 35
  },
  {
    "name": "Require(29) node_modules/egg-security/app/extend/context.js",
    "start": 1587830386280,
    "end": 1587830386285,
    "duration": 5,
    "pid": 25871,
    "index": 36
  },
  {
    "name": "Require(30) node_modules/egg-jsonp/app/extend/context.js",
    "start": 1587830386285,
    "end": 1587830386285,
    "duration": 0,
    "pid": 25871,
    "index": 37
  },
  {
    "name": "Require(31) node_modules/egg-i18n/app/extend/context.js",
    "start": 1587830386286,
    "end": 1587830386286,
    "duration": 0,
    "pid": 25871,
    "index": 38
  },
  {
    "name": "Require(32) node_modules/egg-multipart/app/extend/context.js",
    "start": 1587830386286,
    "end": 1587830386315,
    "duration": 29,
    "pid": 25871,
    "index": 39
  },
  {
    "name": "Require(33) node_modules/egg-view/app/extend/context.js",
    "start": 1587830386315,
    "end": 1587830386316,
    "duration": 1,
    "pid": 25871,
    "index": 40
  },
  {
    "name": "Require(34) node_modules/egg/app/extend/context.js",
    "start": 1587830386316,
    "end": 1587830386318,
    "duration": 2,
    "pid": 25871,
    "index": 41
  },
  {
    "name": "Load extend/helper.js",
    "start": 1587830386319,
    "end": 1587830386333,
    "duration": 14,
    "pid": 25871,
    "index": 42
  },
  {
    "name": "Require(35) node_modules/egg-security/app/extend/helper.js",
    "start": 1587830386319,
    "end": 1587830386330,
    "duration": 11,
    "pid": 25871,
    "index": 43
  },
  {
    "name": "Require(36) node_modules/egg/app/extend/helper.js",
    "start": 1587830386331,
    "end": 1587830386332,
    "duration": 1,
    "pid": 25871,
    "index": 44
  },
  {
    "name": "Load app.js",
    "start": 1587830386333,
    "end": 1587830386362,
    "duration": 29,
    "pid": 25871,
    "index": 45
  },
  {
    "name": "Require(37) node_modules/egg-session/app.js",
    "start": 1587830386333,
    "end": 1587830386334,
    "duration": 1,
    "pid": 25871,
    "index": 46
  },
  {
    "name": "Require(38) node_modules/egg-security/app.js",
    "start": 1587830386334,
    "end": 1587830386335,
    "duration": 1,
    "pid": 25871,
    "index": 47
  },
  {
    "name": "Require(39) node_modules/egg-onerror/app.js",
    "start": 1587830386335,
    "end": 1587830386339,
    "duration": 4,
    "pid": 25871,
    "index": 48
  },
  {
    "name": "Require(40) node_modules/egg-i18n/app.js",
    "start": 1587830386339,
    "end": 1587830386346,
    "duration": 7,
    "pid": 25871,
    "index": 49
  },
  {
    "name": "Require(41) node_modules/egg-watcher/app.js",
    "start": 1587830386347,
    "end": 1587830386348,
    "duration": 1,
    "pid": 25871,
    "index": 50
  },
  {
    "name": "Require(42) node_modules/egg-schedule/app.js",
    "start": 1587830386349,
    "end": 1587830386349,
    "duration": 0,
    "pid": 25871,
    "index": 51
  },
  {
    "name": "Require(43) node_modules/egg-multipart/app.js",
    "start": 1587830386350,
    "end": 1587830386351,
    "duration": 1,
    "pid": 25871,
    "index": 52
  },
  {
    "name": "Require(44) node_modules/egg-development/app.js",
    "start": 1587830386351,
    "end": 1587830386351,
    "duration": 0,
    "pid": 25871,
    "index": 53
  },
  {
    "name": "Require(45) node_modules/egg-logrotator/app.js",
    "start": 1587830386351,
    "end": 1587830386352,
    "duration": 1,
    "pid": 25871,
    "index": 54
  },
  {
    "name": "Require(46) node_modules/egg-static/app.js",
    "start": 1587830386352,
    "end": 1587830386352,
    "duration": 0,
    "pid": 25871,
    "index": 55
  },
  {
    "name": "Require(47) node_modules/_egg-mysql@3.0.0@egg-mysql/app.js",
    "start": 1587830386352,
    "end": 1587830386361,
    "duration": 9,
    "pid": 25871,
    "index": 56
  },
  {
    "name": "Require(48) node_modules/_egg-view-ejs@2.0.1@egg-view-ejs/app.js",
    "start": 1587830386361,
    "end": 1587830386362,
    "duration": 1,
    "pid": 25871,
    "index": 57
  },
  {
    "name": "Before Start in node_modules/egg-watcher/lib/init.js:15:14",
    "start": 1587830386370,
    "end": 1587830386529,
    "duration": 159,
    "pid": 25871,
    "index": 58
  },
  {
    "name": "Before Start in node_modules/_egg-mysql@3.0.0@egg-mysql/lib/mysql.js:20:7",
    "start": 1587830386443,
    "end": 1587830386599,
    "duration": 156,
    "pid": 25871,
    "index": 59
  },
  {
    "name": "Load Service",
    "start": 1587830386446,
    "end": 1587830386451,
    "duration": 5,
    "pid": 25871,
    "index": 60
  },
  {
    "name": "Load \"service\" to Context",
    "start": 1587830386446,
    "end": 1587830386450,
    "duration": 4,
    "pid": 25871,
    "index": 61
  },
  {
    "name": "Load Middleware",
    "start": 1587830386451,
    "end": 1587830386497,
    "duration": 46,
    "pid": 25871,
    "index": 62
  },
  {
    "name": "Load \"middlewares\" to Application",
    "start": 1587830386451,
    "end": 1587830386492,
    "duration": 41,
    "pid": 25871,
    "index": 63
  },
  {
    "name": "Load Controller",
    "start": 1587830386497,
    "end": 1587830386512,
    "duration": 15,
    "pid": 25871,
    "index": 64
  },
  {
    "name": "Load \"controller\" to Application",
    "start": 1587830386497,
    "end": 1587830386512,
    "duration": 15,
    "pid": 25871,
    "index": 65
  },
  {
    "name": "Load Router",
    "start": 1587830386512,
    "end": 1587830386515,
    "duration": 3,
    "pid": 25871,
    "index": 66
  },
  {
    "name": "Require(49) app/router.js",
    "start": 1587830386513,
    "end": 1587830386513,
    "duration": 0,
    "pid": 25871,
    "index": 67
  },
  {
    "name": "Before Start in node_modules/egg-core/lib/egg.js:303:10",
    "start": 1587830386513,
    "end": 1587830386523,
    "duration": 10,
    "pid": 25871,
    "index": 68
  }
]