[
  {
    "name": "Application Start",
    "start": 1587830384952,
    "end": 1587830385440,
    "duration": 488,
    "pid": 25862,
    "index": 0
  },
  {
    "name": "Load Plugin",
    "start": 1587830384955,
    "end": 1587830384962,
    "duration": 7,
    "pid": 25862,
    "index": 1
  },
  {
    "name": "Load Config",
    "start": 1587830384962,
    "end": 1587830384982,
    "duration": 20,
    "pid": 25862,
    "index": 2
  },
  {
    "name": "Require(0) config/config.default.js",
    "start": 1587830384963,
    "end": 1587830384963,
    "duration": 0,
    "pid": 25862,
    "index": 3
  },
  {
    "name": "Require(1) node_modules/egg-session/config/config.default.js",
    "start": 1587830384964,
    "end": 1587830384965,
    "duration": 1,
    "pid": 25862,
    "index": 4
  },
  {
    "name": "Require(2) node_modules/egg-security/config/config.default.js",
    "start": 1587830384965,
    "end": 1587830384965,
    "duration": 0,
    "pid": 25862,
    "index": 5
  },
  {
    "name": "Require(3) node_modules/egg-jsonp/config/config.default.js",
    "start": 1587830384966,
    "end": 1587830384967,
    "duration": 1,
    "pid": 25862,
    "index": 6
  },
  {
    "name": "Require(4) node_modules/egg-onerror/config/config.default.js",
    "start": 1587830384967,
    "end": 1587830384967,
    "duration": 0,
    "pid": 25862,
    "index": 7
  },
  {
    "name": "Require(5) node_modules/egg-i18n/config/config.default.js",
    "start": 1587830384968,
    "end": 1587830384968,
    "duration": 0,
    "pid": 25862,
    "index": 8
  },
  {
    "name": "Require(6) node_modules/egg-watcher/config/config.default.js",
    "start": 1587830384969,
    "end": 1587830384969,
    "duration": 0,
    "pid": 25862,
    "index": 9
  },
  {
    "name": "Require(7) node_modules/egg-schedule/config/config.default.js",
    "start": 1587830384969,
    "end": 1587830384970,
    "duration": 1,
    "pid": 25862,
    "index": 10
  },
  {
    "name": "Require(8) node_modules/egg-multipart/config/config.default.js",
    "start": 1587830384970,
    "end": 1587830384971,
    "duration": 1,
    "pid": 25862,
    "index": 11
  },
  {
    "name": "Require(9) node_modules/egg-development/config/config.default.js",
    "start": 1587830384971,
    "end": 1587830384972,
    "duration": 1,
    "pid": 25862,
    "index": 12
  },
  {
    "name": "Require(10) node_modules/egg-logrotator/config/config.default.js",
    "start": 1587830384972,
    "end": 1587830384973,
    "duration": 1,
    "pid": 25862,
    "index": 13
  },
  {
    "name": "Require(11) node_modules/egg-static/config/config.default.js",
    "start": 1587830384973,
    "end": 1587830384973,
    "duration": 0,
    "pid": 25862,
    "index": 14
  },
  {
    "name": "Require(12) node_modules/egg-view/config/config.default.js",
    "start": 1587830384974,
    "end": 1587830384974,
    "duration": 0,
    "pid": 25862,
    "index": 15
  },
  {
    "name": "Require(13) node_modules/_egg-mysql@3.0.0@egg-mysql/config/config.default.js",
    "start": 1587830384974,
    "end": 1587830384975,
    "duration": 1,
    "pid": 25862,
    "index": 16
  },
  {
    "name": "Require(14) node_modules/_egg-view-ejs@2.0.1@egg-view-ejs/config/config.default.js",
    "start": 1587830384975,
    "end": 1587830384976,
    "duration": 1,
    "pid": 25862,
    "index": 17
  },
  {
    "name": "Require(15) node_modules/egg/config/config.default.js",
    "start": 1587830384976,
    "end": 1587830384977,
    "duration": 1,
    "pid": 25862,
    "index": 18
  },
  {
    "name": "Require(16) config/config.default.js",
    "start": 1587830384978,
    "end": 1587830384978,
    "duration": 0,
    "pid": 25862,
    "index": 19
  },
  {
    "name": "Require(17) node_modules/egg-security/config/config.local.js",
    "start": 1587830384978,
    "end": 1587830384979,
    "duration": 1,
    "pid": 25862,
    "index": 20
  },
  {
    "name": "Require(18) node_modules/egg-watcher/config/config.local.js",
    "start": 1587830384979,
    "end": 1587830384980,
    "duration": 1,
    "pid": 25862,
    "index": 21
  },
  {
    "name": "Require(19) node_modules/egg-view/config/config.local.js",
    "start": 1587830384980,
    "end": 1587830384981,
    "duration": 1,
    "pid": 25862,
    "index": 22
  },
  {
    "name": "Require(20) node_modules/_egg-view-ejs@2.0.1@egg-view-ejs/config/config.local.js",
    "start": 1587830384981,
    "end": 1587830384981,
    "duration": 0,
    "pid": 25862,
    "index": 23
  },
  {
    "name": "Require(21) node_modules/egg/config/config.local.js",
    "start": 1587830384981,
    "end": 1587830384982,
    "duration": 1,
    "pid": 25862,
    "index": 24
  },
  {
    "name": "Load extend/application.js",
    "start": 1587830384983,
    "end": 1587830384990,
    "duration": 7,
    "pid": 25862,
    "index": 25
  },
  {
    "name": "Require(22) node_modules/egg-session/app/extend/application.js",
    "start": 1587830384983,
    "end": 1587830384984,
    "duration": 1,
    "pid": 25862,
    "index": 26
  },
  {
    "name": "Require(23) node_modules/egg-security/app/extend/application.js",
    "start": 1587830384984,
    "end": 1587830384985,
    "duration": 1,
    "pid": 25862,
    "index": 27
  },
  {
    "name": "Require(24) node_modules/egg-jsonp/app/extend/application.js",
    "start": 1587830384985,
    "end": 1587830384986,
    "duration": 1,
    "pid": 25862,
    "index": 28
  },
  {
    "name": "Require(25) node_modules/egg-logrotator/app/extend/application.js",
    "start": 1587830384987,
    "end": 1587830384988,
    "duration": 1,
    "pid": 25862,
    "index": 29
  },
  {
    "name": "Require(26) node_modules/egg-view/app/extend/application.js",
    "start": 1587830384988,
    "end": 1587830384989,
    "duration": 1,
    "pid": 25862,
    "index": 30
  },
  {
    "name": "Load extend/request.js",
    "start": 1587830384990,
    "end": 1587830384993,
    "duration": 3,
    "pid": 25862,
    "index": 31
  },
  {
    "name": "Require(27) node_modules/egg/app/extend/request.js",
    "start": 1587830384991,
    "end": 1587830384992,
    "duration": 1,
    "pid": 25862,
    "index": 32
  },
  {
    "name": "Load extend/response.js",
    "start": 1587830384993,
    "end": 1587830384996,
    "duration": 3,
    "pid": 25862,
    "index": 33
  },
  {
    "name": "Require(28) node_modules/egg/app/extend/response.js",
    "start": 1587830384994,
    "end": 1587830384995,
    "duration": 1,
    "pid": 25862,
    "index": 34
  },
  {
    "name": "Load extend/context.js",
    "start": 1587830384996,
    "end": 1587830385062,
    "duration": 66,
    "pid": 25862,
    "index": 35
  },
  {
    "name": "Require(29) node_modules/egg-security/app/extend/context.js",
    "start": 1587830384997,
    "end": 1587830385008,
    "duration": 11,
    "pid": 25862,
    "index": 36
  },
  {
    "name": "Require(30) node_modules/egg-jsonp/app/extend/context.js",
    "start": 1587830385008,
    "end": 1587830385010,
    "duration": 2,
    "pid": 25862,
    "index": 37
  },
  {
    "name": "Require(31) node_modules/egg-i18n/app/extend/context.js",
    "start": 1587830385011,
    "end": 1587830385012,
    "duration": 1,
    "pid": 25862,
    "index": 38
  },
  {
    "name": "Require(32) node_modules/egg-multipart/app/extend/context.js",
    "start": 1587830385012,
    "end": 1587830385057,
    "duration": 45,
    "pid": 25862,
    "index": 39
  },
  {
    "name": "Require(33) node_modules/egg-view/app/extend/context.js",
    "start": 1587830385057,
    "end": 1587830385058,
    "duration": 1,
    "pid": 25862,
    "index": 40
  },
  {
    "name": "Require(34) node_modules/egg/app/extend/context.js",
    "start": 1587830385059,
    "end": 1587830385061,
    "duration": 2,
    "pid": 25862,
    "index": 41
  },
  {
    "name": "Load extend/helper.js",
    "start": 1587830385062,
    "end": 1587830385084,
    "duration": 22,
    "pid": 25862,
    "index": 42
  },
  {
    "name": "Require(35) node_modules/egg-security/app/extend/helper.js",
    "start": 1587830385062,
    "end": 1587830385081,
    "duration": 19,
    "pid": 25862,
    "index": 43
  },
  {
    "name": "Require(36) node_modules/egg/app/extend/helper.js",
    "start": 1587830385082,
    "end": 1587830385083,
    "duration": 1,
    "pid": 25862,
    "index": 44
  },
  {
    "name": "Load app.js",
    "start": 1587830385084,
    "end": 1587830385134,
    "duration": 50,
    "pid": 25862,
    "index": 45
  },
  {
    "name": "Require(37) node_modules/egg-session/app.js",
    "start": 1587830385084,
    "end": 1587830385085,
    "duration": 1,
    "pid": 25862,
    "index": 46
  },
  {
    "name": "Require(38) node_modules/egg-security/app.js",
    "start": 1587830385085,
    "end": 1587830385087,
    "duration": 2,
    "pid": 25862,
    "index": 47
  },
  {
    "name": "Require(39) node_modules/egg-onerror/app.js",
    "start": 1587830385087,
    "end": 1587830385095,
    "duration": 8,
    "pid": 25862,
    "index": 48
  },
  {
    "name": "Require(40) node_modules/egg-i18n/app.js",
    "start": 1587830385095,
    "end": 1587830385107,
    "duration": 12,
    "pid": 25862,
    "index": 49
  },
  {
    "name": "Require(41) node_modules/egg-watcher/app.js",
    "start": 1587830385107,
    "end": 1587830385111,
    "duration": 4,
    "pid": 25862,
    "index": 50
  },
  {
    "name": "Require(42) node_modules/egg-schedule/app.js",
    "start": 1587830385111,
    "end": 1587830385112,
    "duration": 1,
    "pid": 25862,
    "index": 51
  },
  {
    "name": "Require(43) node_modules/egg-multipart/app.js",
    "start": 1587830385112,
    "end": 1587830385115,
    "duration": 3,
    "pid": 25862,
    "index": 52
  },
  {
    "name": "Require(44) node_modules/egg-development/app.js",
    "start": 1587830385115,
    "end": 1587830385116,
    "duration": 1,
    "pid": 25862,
    "index": 53
  },
  {
    "name": "Require(45) node_modules/egg-logrotator/app.js",
    "start": 1587830385116,
    "end": 1587830385116,
    "duration": 0,
    "pid": 25862,
    "index": 54
  },
  {
    "name": "Require(46) node_modules/egg-static/app.js",
    "start": 1587830385116,
    "end": 1587830385117,
    "duration": 1,
    "pid": 25862,
    "index": 55
  },
  {
    "name": "Require(47) node_modules/_egg-mysql@3.0.0@egg-mysql/app.js",
    "start": 1587830385117,
    "end": 1587830385133,
    "duration": 16,
    "pid": 25862,
    "index": 56
  },
  {
    "name": "Require(48) node_modules/_egg-view-ejs@2.0.1@egg-view-ejs/app.js",
    "start": 1587830385133,
    "end": 1587830385134,
    "duration": 1,
    "pid": 25862,
    "index": 57
  },
  {
    "name": "Before Start in node_modules/egg-watcher/lib/init.js:15:14",
    "start": 1587830385142,
    "end": 1587830385366,
    "duration": 224,
    "pid": 25862,
    "index": 58
  },
  {
    "name": "Before Start in node_modules/_egg-mysql@3.0.0@egg-mysql/lib/mysql.js:20:7",
    "start": 1587830385236,
    "end": 1587830385439,
    "duration": 203,
    "pid": 25862,
    "index": 59
  },
  {
    "name": "Load Service",
    "start": 1587830385240,
    "end": 1587830385245,
    "duration": 5,
    "pid": 25862,
    "index": 60
  },
  {
    "name": "Load \"service\" to Context",
    "start": 1587830385240,
    "end": 1587830385245,
    "duration": 5,
    "pid": 25862,
    "index": 61
  },
  {
    "name": "Load Middleware",
    "start": 1587830385245,
    "end": 1587830385331,
    "duration": 86,
    "pid": 25862,
    "index": 62
  },
  {
    "name": "Load \"middlewares\" to Application",
    "start": 1587830385245,
    "end": 1587830385325,
    "duration": 80,
    "pid": 25862,
    "index": 63
  },
  {
    "name": "Load Controller",
    "start": 1587830385331,
    "end": 1587830385352,
    "duration": 21,
    "pid": 25862,
    "index": 64
  },
  {
    "name": "Load \"controller\" to Application",
    "start": 1587830385331,
    "end": 1587830385352,
    "duration": 21,
    "pid": 25862,
    "index": 65
  },
  {
    "name": "Load Router",
    "start": 1587830385352,
    "end": 1587830385354,
    "duration": 2,
    "pid": 25862,
    "index": 66
  },
  {
    "name": "Require(49) app/router.js",
    "start": 1587830385352,
    "end": 1587830385353,
    "duration": 1,
    "pid": 25862,
    "index": 67
  },
  {
    "name": "Before Start in node_modules/egg-core/lib/egg.js:303:10",
    "start": 1587830385353,
    "end": 1587830385361,
    "duration": 8,
    "pid": 25862,
    "index": 68
  }
]