[
  {
    "name": "Application Start",
    "start": 1587831135849,
    "end": 1587831136137,
    "duration": 288,
    "pid": 26477,
    "index": 0
  },
  {
    "name": "Load Plugin",
    "start": 1587831135852,
    "end": 1587831135857,
    "duration": 5,
    "pid": 26477,
    "index": 1
  },
  {
    "name": "Load Config",
    "start": 1587831135857,
    "end": 1587831135867,
    "duration": 10,
    "pid": 26477,
    "index": 2
  },
  {
    "name": "Require(0) config/config.default.js",
    "start": 1587831135858,
    "end": 1587831135858,
    "duration": 0,
    "pid": 26477,
    "index": 3
  },
  {
    "name": "Require(1) node_modules/egg-session/config/config.default.js",
    "start": 1587831135859,
    "end": 1587831135859,
    "duration": 0,
    "pid": 26477,
    "index": 4
  },
  {
    "name": "Require(2) node_modules/egg-security/config/config.default.js",
    "start": 1587831135859,
    "end": 1587831135859,
    "duration": 0,
    "pid": 26477,
    "index": 5
  },
  {
    "name": "Require(3) node_modules/egg-jsonp/config/config.default.js",
    "start": 1587831135860,
    "end": 1587831135860,
    "duration": 0,
    "pid": 26477,
    "index": 6
  },
  {
    "name": "Require(4) node_modules/egg-onerror/config/config.default.js",
    "start": 1587831135860,
    "end": 1587831135860,
    "duration": 0,
    "pid": 26477,
    "index": 7
  },
  {
    "name": "Require(5) node_modules/egg-i18n/config/config.default.js",
    "start": 1587831135860,
    "end": 1587831135861,
    "duration": 1,
    "pid": 26477,
    "index": 8
  },
  {
    "name": "Require(6) node_modules/egg-watcher/config/config.default.js",
    "start": 1587831135861,
    "end": 1587831135861,
    "duration": 0,
    "pid": 26477,
    "index": 9
  },
  {
    "name": "Require(7) node_modules/egg-schedule/config/config.default.js",
    "start": 1587831135861,
    "end": 1587831135862,
    "duration": 1,
    "pid": 26477,
    "index": 10
  },
  {
    "name": "Require(8) node_modules/egg-multipart/config/config.default.js",
    "start": 1587831135862,
    "end": 1587831135862,
    "duration": 0,
    "pid": 26477,
    "index": 11
  },
  {
    "name": "Require(9) node_modules/egg-development/config/config.default.js",
    "start": 1587831135862,
    "end": 1587831135863,
    "duration": 1,
    "pid": 26477,
    "index": 12
  },
  {
    "name": "Require(10) node_modules/egg-logrotator/config/config.default.js",
    "start": 1587831135863,
    "end": 1587831135863,
    "duration": 0,
    "pid": 26477,
    "index": 13
  },
  {
    "name": "Require(11) node_modules/egg-static/config/config.default.js",
    "start": 1587831135863,
    "end": 1587831135863,
    "duration": 0,
    "pid": 26477,
    "index": 14
  },
  {
    "name": "Require(12) node_modules/egg-view/config/config.default.js",
    "start": 1587831135863,
    "end": 1587831135864,
    "duration": 1,
    "pid": 26477,
    "index": 15
  },
  {
    "name": "Require(13) node_modules/_egg-mysql@3.0.0@egg-mysql/config/config.default.js",
    "start": 1587831135864,
    "end": 1587831135864,
    "duration": 0,
    "pid": 26477,
    "index": 16
  },
  {
    "name": "Require(14) node_modules/_egg-view-ejs@2.0.1@egg-view-ejs/config/config.default.js",
    "start": 1587831135864,
    "end": 1587831135864,
    "duration": 0,
    "pid": 26477,
    "index": 17
  },
  {
    "name": "Require(15) node_modules/egg/config/config.default.js",
    "start": 1587831135865,
    "end": 1587831135865,
    "duration": 0,
    "pid": 26477,
    "index": 18
  },
  {
    "name": "Require(16) config/config.default.js",
    "start": 1587831135866,
    "end": 1587831135866,
    "duration": 0,
    "pid": 26477,
    "index": 19
  },
  {
    "name": "Require(17) node_modules/egg-security/config/config.local.js",
    "start": 1587831135866,
    "end": 1587831135866,
    "duration": 0,
    "pid": 26477,
    "index": 20
  },
  {
    "name": "Require(18) node_modules/egg-watcher/config/config.local.js",
    "start": 1587831135866,
    "end": 1587831135866,
    "duration": 0,
    "pid": 26477,
    "index": 21
  },
  {
    "name": "Require(19) node_modules/egg-view/config/config.local.js",
    "start": 1587831135867,
    "end": 1587831135867,
    "duration": 0,
    "pid": 26477,
    "index": 22
  },
  {
    "name": "Require(20) node_modules/_egg-view-ejs@2.0.1@egg-view-ejs/config/config.local.js",
    "start": 1587831135867,
    "end": 1587831135867,
    "duration": 0,
    "pid": 26477,
    "index": 23
  },
  {
    "name": "Require(21) node_modules/egg/config/config.local.js",
    "start": 1587831135867,
    "end": 1587831135867,
    "duration": 0,
    "pid": 26477,
    "index": 24
  },
  {
    "name": "Load extend/application.js",
    "start": 1587831135868,
    "end": 1587831135872,
    "duration": 4,
    "pid": 26477,
    "index": 25
  },
  {
    "name": "Require(22) node_modules/egg-session/app/extend/application.js",
    "start": 1587831135868,
    "end": 1587831135869,
    "duration": 1,
    "pid": 26477,
    "index": 26
  },
  {
    "name": "Require(23) node_modules/egg-security/app/extend/application.js",
    "start": 1587831135869,
    "end": 1587831135869,
    "duration": 0,
    "pid": 26477,
    "index": 27
  },
  {
    "name": "Require(24) node_modules/egg-jsonp/app/extend/application.js",
    "start": 1587831135869,
    "end": 1587831135870,
    "duration": 1,
    "pid": 26477,
    "index": 28
  },
  {
    "name": "Require(25) node_modules/egg-logrotator/app/extend/application.js",
    "start": 1587831135870,
    "end": 1587831135871,
    "duration": 1,
    "pid": 26477,
    "index": 29
  },
  {
    "name": "Require(26) node_modules/egg-view/app/extend/application.js",
    "start": 1587831135871,
    "end": 1587831135871,
    "duration": 0,
    "pid": 26477,
    "index": 30
  },
  {
    "name": "Load extend/request.js",
    "start": 1587831135872,
    "end": 1587831135874,
    "duration": 2,
    "pid": 26477,
    "index": 31
  },
  {
    "name": "Require(27) node_modules/egg/app/extend/request.js",
    "start": 1587831135873,
    "end": 1587831135873,
    "duration": 0,
    "pid": 26477,
    "index": 32
  },
  {
    "name": "Load extend/response.js",
    "start": 1587831135874,
    "end": 1587831135876,
    "duration": 2,
    "pid": 26477,
    "index": 33
  },
  {
    "name": "Require(28) node_modules/egg/app/extend/response.js",
    "start": 1587831135874,
    "end": 1587831135875,
    "duration": 1,
    "pid": 26477,
    "index": 34
  },
  {
    "name": "Load extend/context.js",
    "start": 1587831135876,
    "end": 1587831135904,
    "duration": 28,
    "pid": 26477,
    "index": 35
  },
  {
    "name": "Require(29) node_modules/egg-security/app/extend/context.js",
    "start": 1587831135876,
    "end": 1587831135879,
    "duration": 3,
    "pid": 26477,
    "index": 36
  },
  {
    "name": "Require(30) node_modules/egg-jsonp/app/extend/context.js",
    "start": 1587831135879,
    "end": 1587831135880,
    "duration": 1,
    "pid": 26477,
    "index": 37
  },
  {
    "name": "Require(31) node_modules/egg-i18n/app/extend/context.js",
    "start": 1587831135880,
    "end": 1587831135880,
    "duration": 0,
    "pid": 26477,
    "index": 38
  },
  {
    "name": "Require(32) node_modules/egg-multipart/app/extend/context.js",
    "start": 1587831135880,
    "end": 1587831135902,
    "duration": 22,
    "pid": 26477,
    "index": 39
  },
  {
    "name": "Require(33) node_modules/egg-view/app/extend/context.js",
    "start": 1587831135902,
    "end": 1587831135902,
    "duration": 0,
    "pid": 26477,
    "index": 40
  },
  {
    "name": "Require(34) node_modules/egg/app/extend/context.js",
    "start": 1587831135902,
    "end": 1587831135903,
    "duration": 1,
    "pid": 26477,
    "index": 41
  },
  {
    "name": "Load extend/helper.js",
    "start": 1587831135904,
    "end": 1587831135914,
    "duration": 10,
    "pid": 26477,
    "index": 42
  },
  {
    "name": "Require(35) node_modules/egg-security/app/extend/helper.js",
    "start": 1587831135904,
    "end": 1587831135913,
    "duration": 9,
    "pid": 26477,
    "index": 43
  },
  {
    "name": "Require(36) node_modules/egg/app/extend/helper.js",
    "start": 1587831135913,
    "end": 1587831135913,
    "duration": 0,
    "pid": 26477,
    "index": 44
  },
  {
    "name": "Load app.js",
    "start": 1587831135914,
    "end": 1587831135935,
    "duration": 21,
    "pid": 26477,
    "index": 45
  },
  {
    "name": "Require(37) node_modules/egg-session/app.js",
    "start": 1587831135914,
    "end": 1587831135914,
    "duration": 0,
    "pid": 26477,
    "index": 46
  },
  {
    "name": "Require(38) node_modules/egg-security/app.js",
    "start": 1587831135914,
    "end": 1587831135915,
    "duration": 1,
    "pid": 26477,
    "index": 47
  },
  {
    "name": "Require(39) node_modules/egg-onerror/app.js",
    "start": 1587831135915,
    "end": 1587831135918,
    "duration": 3,
    "pid": 26477,
    "index": 48
  },
  {
    "name": "Require(40) node_modules/egg-i18n/app.js",
    "start": 1587831135918,
    "end": 1587831135924,
    "duration": 6,
    "pid": 26477,
    "index": 49
  },
  {
    "name": "Require(41) node_modules/egg-watcher/app.js",
    "start": 1587831135924,
    "end": 1587831135925,
    "duration": 1,
    "pid": 26477,
    "index": 50
  },
  {
    "name": "Require(42) node_modules/egg-schedule/app.js",
    "start": 1587831135925,
    "end": 1587831135926,
    "duration": 1,
    "pid": 26477,
    "index": 51
  },
  {
    "name": "Require(43) node_modules/egg-multipart/app.js",
    "start": 1587831135926,
    "end": 1587831135927,
    "duration": 1,
    "pid": 26477,
    "index": 52
  },
  {
    "name": "Require(44) node_modules/egg-development/app.js",
    "start": 1587831135927,
    "end": 1587831135927,
    "duration": 0,
    "pid": 26477,
    "index": 53
  },
  {
    "name": "Require(45) node_modules/egg-logrotator/app.js",
    "start": 1587831135927,
    "end": 1587831135927,
    "duration": 0,
    "pid": 26477,
    "index": 54
  },
  {
    "name": "Require(46) node_modules/egg-static/app.js",
    "start": 1587831135927,
    "end": 1587831135927,
    "duration": 0,
    "pid": 26477,
    "index": 55
  },
  {
    "name": "Require(47) node_modules/_egg-mysql@3.0.0@egg-mysql/app.js",
    "start": 1587831135927,
    "end": 1587831135934,
    "duration": 7,
    "pid": 26477,
    "index": 56
  },
  {
    "name": "Require(48) node_modules/_egg-view-ejs@2.0.1@egg-view-ejs/app.js",
    "start": 1587831135934,
    "end": 1587831135935,
    "duration": 1,
    "pid": 26477,
    "index": 57
  },
  {
    "name": "Before Start in node_modules/egg-watcher/lib/init.js:15:14",
    "start": 1587831135940,
    "end": 1587831136074,
    "duration": 134,
    "pid": 26477,
    "index": 58
  },
  {
    "name": "Before Start in node_modules/_egg-mysql@3.0.0@egg-mysql/lib/mysql.js:20:7",
    "start": 1587831135998,
    "end": 1587831136136,
    "duration": 138,
    "pid": 26477,
    "index": 59
  },
  {
    "name": "Load Service",
    "start": 1587831136001,
    "end": 1587831136004,
    "duration": 3,
    "pid": 26477,
    "index": 60
  },
  {
    "name": "Load \"service\" to Context",
    "start": 1587831136001,
    "end": 1587831136004,
    "duration": 3,
    "pid": 26477,
    "index": 61
  },
  {
    "name": "Load Middleware",
    "start": 1587831136004,
    "end": 1587831136043,
    "duration": 39,
    "pid": 26477,
    "index": 62
  },
  {
    "name": "Load \"middlewares\" to Application",
    "start": 1587831136005,
    "end": 1587831136038,
    "duration": 33,
    "pid": 26477,
    "index": 63
  },
  {
    "name": "Load Controller",
    "start": 1587831136044,
    "end": 1587831136058,
    "duration": 14,
    "pid": 26477,
    "index": 64
  },
  {
    "name": "Load \"controller\" to Application",
    "start": 1587831136044,
    "end": 1587831136058,
    "duration": 14,
    "pid": 26477,
    "index": 65
  },
  {
    "name": "Load Router",
    "start": 1587831136058,
    "end": 1587831136060,
    "duration": 2,
    "pid": 26477,
    "index": 66
  },
  {
    "name": "Require(49) app/router.js",
    "start": 1587831136058,
    "end": 1587831136058,
    "duration": 0,
    "pid": 26477,
    "index": 67
  },
  {
    "name": "Before Start in node_modules/egg-core/lib/egg.js:303:10",
    "start": 1587831136059,
    "end": 1587831136067,
    "duration": 8,
    "pid": 26477,
    "index": 68
  }
]