[
  {
    "name": "Application Start",
    "start": 1587653012770,
    "end": 1587653013152,
    "duration": 382,
    "pid": 50117,
    "index": 0
  },
  {
    "name": "Load Plugin",
    "start": 1587653012773,
    "end": 1587653012781,
    "duration": 8,
    "pid": 50117,
    "index": 1
  },
  {
    "name": "Load Config",
    "start": 1587653012781,
    "end": 1587653012795,
    "duration": 14,
    "pid": 50117,
    "index": 2
  },
  {
    "name": "Require(0) config/config.default.js",
    "start": 1587653012781,
    "end": 1587653012782,
    "duration": 1,
    "pid": 50117,
    "index": 3
  },
  {
    "name": "Require(1) node_modules/egg-session/config/config.default.js",
    "start": 1587653012783,
    "end": 1587653012783,
    "duration": 0,
    "pid": 50117,
    "index": 4
  },
  {
    "name": "Require(2) node_modules/egg-security/config/config.default.js",
    "start": 1587653012783,
    "end": 1587653012784,
    "duration": 1,
    "pid": 50117,
    "index": 5
  },
  {
    "name": "Require(3) node_modules/egg-jsonp/config/config.default.js",
    "start": 1587653012784,
    "end": 1587653012785,
    "duration": 1,
    "pid": 50117,
    "index": 6
  },
  {
    "name": "Require(4) node_modules/egg-onerror/config/config.default.js",
    "start": 1587653012785,
    "end": 1587653012785,
    "duration": 0,
    "pid": 50117,
    "index": 7
  },
  {
    "name": "Require(5) node_modules/egg-i18n/config/config.default.js",
    "start": 1587653012785,
    "end": 1587653012786,
    "duration": 1,
    "pid": 50117,
    "index": 8
  },
  {
    "name": "Require(6) node_modules/egg-watcher/config/config.default.js",
    "start": 1587653012786,
    "end": 1587653012786,
    "duration": 0,
    "pid": 50117,
    "index": 9
  },
  {
    "name": "Require(7) node_modules/egg-schedule/config/config.default.js",
    "start": 1587653012787,
    "end": 1587653012787,
    "duration": 0,
    "pid": 50117,
    "index": 10
  },
  {
    "name": "Require(8) node_modules/egg-multipart/config/config.default.js",
    "start": 1587653012787,
    "end": 1587653012787,
    "duration": 0,
    "pid": 50117,
    "index": 11
  },
  {
    "name": "Require(9) node_modules/egg-development/config/config.default.js",
    "start": 1587653012788,
    "end": 1587653012788,
    "duration": 0,
    "pid": 50117,
    "index": 12
  },
  {
    "name": "Require(10) node_modules/egg-logrotator/config/config.default.js",
    "start": 1587653012788,
    "end": 1587653012789,
    "duration": 1,
    "pid": 50117,
    "index": 13
  },
  {
    "name": "Require(11) node_modules/egg-static/config/config.default.js",
    "start": 1587653012789,
    "end": 1587653012789,
    "duration": 0,
    "pid": 50117,
    "index": 14
  },
  {
    "name": "Require(12) node_modules/egg-view/config/config.default.js",
    "start": 1587653012789,
    "end": 1587653012790,
    "duration": 1,
    "pid": 50117,
    "index": 15
  },
  {
    "name": "Require(13) node_modules/_egg-mysql@3.0.0@egg-mysql/config/config.default.js",
    "start": 1587653012790,
    "end": 1587653012790,
    "duration": 0,
    "pid": 50117,
    "index": 16
  },
  {
    "name": "Require(14) node_modules/_egg-view-ejs@2.0.1@egg-view-ejs/config/config.default.js",
    "start": 1587653012790,
    "end": 1587653012791,
    "duration": 1,
    "pid": 50117,
    "index": 17
  },
  {
    "name": "Require(15) node_modules/egg/config/config.default.js",
    "start": 1587653012791,
    "end": 1587653012791,
    "duration": 0,
    "pid": 50117,
    "index": 18
  },
  {
    "name": "Require(16) config/config.default.js",
    "start": 1587653012792,
    "end": 1587653012792,
    "duration": 0,
    "pid": 50117,
    "index": 19
  },
  {
    "name": "Require(17) node_modules/egg-security/config/config.local.js",
    "start": 1587653012793,
    "end": 1587653012793,
    "duration": 0,
    "pid": 50117,
    "index": 20
  },
  {
    "name": "Require(18) node_modules/egg-watcher/config/config.local.js",
    "start": 1587653012793,
    "end": 1587653012793,
    "duration": 0,
    "pid": 50117,
    "index": 21
  },
  {
    "name": "Require(19) node_modules/egg-view/config/config.local.js",
    "start": 1587653012794,
    "end": 1587653012794,
    "duration": 0,
    "pid": 50117,
    "index": 22
  },
  {
    "name": "Require(20) node_modules/_egg-view-ejs@2.0.1@egg-view-ejs/config/config.local.js",
    "start": 1587653012794,
    "end": 1587653012794,
    "duration": 0,
    "pid": 50117,
    "index": 23
  },
  {
    "name": "Require(21) node_modules/egg/config/config.local.js",
    "start": 1587653012794,
    "end": 1587653012795,
    "duration": 1,
    "pid": 50117,
    "index": 24
  },
  {
    "name": "Load extend/application.js",
    "start": 1587653012796,
    "end": 1587653012801,
    "duration": 5,
    "pid": 50117,
    "index": 25
  },
  {
    "name": "Require(22) node_modules/egg-session/app/extend/application.js",
    "start": 1587653012796,
    "end": 1587653012796,
    "duration": 0,
    "pid": 50117,
    "index": 26
  },
  {
    "name": "Require(23) node_modules/egg-security/app/extend/application.js",
    "start": 1587653012796,
    "end": 1587653012797,
    "duration": 1,
    "pid": 50117,
    "index": 27
  },
  {
    "name": "Require(24) node_modules/egg-jsonp/app/extend/application.js",
    "start": 1587653012797,
    "end": 1587653012798,
    "duration": 1,
    "pid": 50117,
    "index": 28
  },
  {
    "name": "Require(25) node_modules/egg-logrotator/app/extend/application.js",
    "start": 1587653012798,
    "end": 1587653012799,
    "duration": 1,
    "pid": 50117,
    "index": 29
  },
  {
    "name": "Require(26) node_modules/egg-view/app/extend/application.js",
    "start": 1587653012799,
    "end": 1587653012800,
    "duration": 1,
    "pid": 50117,
    "index": 30
  },
  {
    "name": "Load extend/request.js",
    "start": 1587653012801,
    "end": 1587653012803,
    "duration": 2,
    "pid": 50117,
    "index": 31
  },
  {
    "name": "Require(27) node_modules/egg/app/extend/request.js",
    "start": 1587653012802,
    "end": 1587653012802,
    "duration": 0,
    "pid": 50117,
    "index": 32
  },
  {
    "name": "Load extend/response.js",
    "start": 1587653012803,
    "end": 1587653012806,
    "duration": 3,
    "pid": 50117,
    "index": 33
  },
  {
    "name": "Require(28) node_modules/egg/app/extend/response.js",
    "start": 1587653012804,
    "end": 1587653012805,
    "duration": 1,
    "pid": 50117,
    "index": 34
  },
  {
    "name": "Load extend/context.js",
    "start": 1587653012806,
    "end": 1587653012842,
    "duration": 36,
    "pid": 50117,
    "index": 35
  },
  {
    "name": "Require(29) node_modules/egg-security/app/extend/context.js",
    "start": 1587653012806,
    "end": 1587653012810,
    "duration": 4,
    "pid": 50117,
    "index": 36
  },
  {
    "name": "Require(30) node_modules/egg-jsonp/app/extend/context.js",
    "start": 1587653012810,
    "end": 1587653012811,
    "duration": 1,
    "pid": 50117,
    "index": 37
  },
  {
    "name": "Require(31) node_modules/egg-i18n/app/extend/context.js",
    "start": 1587653012811,
    "end": 1587653012811,
    "duration": 0,
    "pid": 50117,
    "index": 38
  },
  {
    "name": "Require(32) node_modules/egg-multipart/app/extend/context.js",
    "start": 1587653012811,
    "end": 1587653012839,
    "duration": 28,
    "pid": 50117,
    "index": 39
  },
  {
    "name": "Require(33) node_modules/egg-view/app/extend/context.js",
    "start": 1587653012839,
    "end": 1587653012840,
    "duration": 1,
    "pid": 50117,
    "index": 40
  },
  {
    "name": "Require(34) node_modules/egg/app/extend/context.js",
    "start": 1587653012840,
    "end": 1587653012841,
    "duration": 1,
    "pid": 50117,
    "index": 41
  },
  {
    "name": "Load extend/helper.js",
    "start": 1587653012842,
    "end": 1587653012855,
    "duration": 13,
    "pid": 50117,
    "index": 42
  },
  {
    "name": "Require(35) node_modules/egg-security/app/extend/helper.js",
    "start": 1587653012842,
    "end": 1587653012853,
    "duration": 11,
    "pid": 50117,
    "index": 43
  },
  {
    "name": "Require(36) node_modules/egg/app/extend/helper.js",
    "start": 1587653012854,
    "end": 1587653012854,
    "duration": 0,
    "pid": 50117,
    "index": 44
  },
  {
    "name": "Load app.js",
    "start": 1587653012855,
    "end": 1587653012883,
    "duration": 28,
    "pid": 50117,
    "index": 45
  },
  {
    "name": "Require(37) node_modules/egg-session/app.js",
    "start": 1587653012855,
    "end": 1587653012856,
    "duration": 1,
    "pid": 50117,
    "index": 46
  },
  {
    "name": "Require(38) node_modules/egg-security/app.js",
    "start": 1587653012856,
    "end": 1587653012857,
    "duration": 1,
    "pid": 50117,
    "index": 47
  },
  {
    "name": "Require(39) node_modules/egg-onerror/app.js",
    "start": 1587653012857,
    "end": 1587653012861,
    "duration": 4,
    "pid": 50117,
    "index": 48
  },
  {
    "name": "Require(40) node_modules/egg-i18n/app.js",
    "start": 1587653012861,
    "end": 1587653012868,
    "duration": 7,
    "pid": 50117,
    "index": 49
  },
  {
    "name": "Require(41) node_modules/egg-watcher/app.js",
    "start": 1587653012868,
    "end": 1587653012869,
    "duration": 1,
    "pid": 50117,
    "index": 50
  },
  {
    "name": "Require(42) node_modules/egg-schedule/app.js",
    "start": 1587653012869,
    "end": 1587653012870,
    "duration": 1,
    "pid": 50117,
    "index": 51
  },
  {
    "name": "Require(43) node_modules/egg-multipart/app.js",
    "start": 1587653012870,
    "end": 1587653012872,
    "duration": 2,
    "pid": 50117,
    "index": 52
  },
  {
    "name": "Require(44) node_modules/egg-development/app.js",
    "start": 1587653012872,
    "end": 1587653012872,
    "duration": 0,
    "pid": 50117,
    "index": 53
  },
  {
    "name": "Require(45) node_modules/egg-logrotator/app.js",
    "start": 1587653012872,
    "end": 1587653012872,
    "duration": 0,
    "pid": 50117,
    "index": 54
  },
  {
    "name": "Require(46) node_modules/egg-static/app.js",
    "start": 1587653012872,
    "end": 1587653012873,
    "duration": 1,
    "pid": 50117,
    "index": 55
  },
  {
    "name": "Require(47) node_modules/_egg-mysql@3.0.0@egg-mysql/app.js",
    "start": 1587653012873,
    "end": 1587653012882,
    "duration": 9,
    "pid": 50117,
    "index": 56
  },
  {
    "name": "Require(48) node_modules/_egg-view-ejs@2.0.1@egg-view-ejs/app.js",
    "start": 1587653012882,
    "end": 1587653012883,
    "duration": 1,
    "pid": 50117,
    "index": 57
  },
  {
    "name": "Before Start in node_modules/egg-watcher/lib/init.js:15:14",
    "start": 1587653012891,
    "end": 1587653013053,
    "duration": 162,
    "pid": 50117,
    "index": 58
  },
  {
    "name": "Before Start in node_modules/_egg-mysql@3.0.0@egg-mysql/lib/mysql.js:20:7",
    "start": 1587653012963,
    "end": 1587653013151,
    "duration": 188,
    "pid": 50117,
    "index": 59
  },
  {
    "name": "Load Service",
    "start": 1587653012966,
    "end": 1587653012969,
    "duration": 3,
    "pid": 50117,
    "index": 60
  },
  {
    "name": "Load \"service\" to Context",
    "start": 1587653012966,
    "end": 1587653012969,
    "duration": 3,
    "pid": 50117,
    "index": 61
  },
  {
    "name": "Load Middleware",
    "start": 1587653012969,
    "end": 1587653013014,
    "duration": 45,
    "pid": 50117,
    "index": 62
  },
  {
    "name": "Load \"middlewares\" to Application",
    "start": 1587653012970,
    "end": 1587653013008,
    "duration": 38,
    "pid": 50117,
    "index": 63
  },
  {
    "name": "Load Controller",
    "start": 1587653013014,
    "end": 1587653013032,
    "duration": 18,
    "pid": 50117,
    "index": 64
  },
  {
    "name": "Load \"controller\" to Application",
    "start": 1587653013014,
    "end": 1587653013032,
    "duration": 18,
    "pid": 50117,
    "index": 65
  },
  {
    "name": "Load Router",
    "start": 1587653013033,
    "end": 1587653013035,
    "duration": 2,
    "pid": 50117,
    "index": 66
  },
  {
    "name": "Require(49) app/router.js",
    "start": 1587653013033,
    "end": 1587653013033,
    "duration": 0,
    "pid": 50117,
    "index": 67
  },
  {
    "name": "Before Start in node_modules/egg-core/lib/egg.js:303:10",
    "start": 1587653013033,
    "end": 1587653013045,
    "duration": 12,
    "pid": 50117,
    "index": 68
  }
]