[
  {
    "name": "Application Start",
    "start": 1587831004316,
    "end": 1587831004636,
    "duration": 320,
    "pid": 26284,
    "index": 0
  },
  {
    "name": "Load Plugin",
    "start": 1587831004319,
    "end": 1587831004326,
    "duration": 7,
    "pid": 26284,
    "index": 1
  },
  {
    "name": "Load Config",
    "start": 1587831004326,
    "end": 1587831004339,
    "duration": 13,
    "pid": 26284,
    "index": 2
  },
  {
    "name": "Require(0) config/config.default.js",
    "start": 1587831004327,
    "end": 1587831004327,
    "duration": 0,
    "pid": 26284,
    "index": 3
  },
  {
    "name": "Require(1) node_modules/egg-session/config/config.default.js",
    "start": 1587831004328,
    "end": 1587831004328,
    "duration": 0,
    "pid": 26284,
    "index": 4
  },
  {
    "name": "Require(2) node_modules/egg-security/config/config.default.js",
    "start": 1587831004328,
    "end": 1587831004329,
    "duration": 1,
    "pid": 26284,
    "index": 5
  },
  {
    "name": "Require(3) node_modules/egg-jsonp/config/config.default.js",
    "start": 1587831004329,
    "end": 1587831004330,
    "duration": 1,
    "pid": 26284,
    "index": 6
  },
  {
    "name": "Require(4) node_modules/egg-onerror/config/config.default.js",
    "start": 1587831004330,
    "end": 1587831004330,
    "duration": 0,
    "pid": 26284,
    "index": 7
  },
  {
    "name": "Require(5) node_modules/egg-i18n/config/config.default.js",
    "start": 1587831004330,
    "end": 1587831004331,
    "duration": 1,
    "pid": 26284,
    "index": 8
  },
  {
    "name": "Require(6) node_modules/egg-watcher/config/config.default.js",
    "start": 1587831004331,
    "end": 1587831004331,
    "duration": 0,
    "pid": 26284,
    "index": 9
  },
  {
    "name": "Require(7) node_modules/egg-schedule/config/config.default.js",
    "start": 1587831004331,
    "end": 1587831004332,
    "duration": 1,
    "pid": 26284,
    "index": 10
  },
  {
    "name": "Require(8) node_modules/egg-multipart/config/config.default.js",
    "start": 1587831004332,
    "end": 1587831004332,
    "duration": 0,
    "pid": 26284,
    "index": 11
  },
  {
    "name": "Require(9) node_modules/egg-development/config/config.default.js",
    "start": 1587831004333,
    "end": 1587831004333,
    "duration": 0,
    "pid": 26284,
    "index": 12
  },
  {
    "name": "Require(10) node_modules/egg-logrotator/config/config.default.js",
    "start": 1587831004333,
    "end": 1587831004333,
    "duration": 0,
    "pid": 26284,
    "index": 13
  },
  {
    "name": "Require(11) node_modules/egg-static/config/config.default.js",
    "start": 1587831004333,
    "end": 1587831004334,
    "duration": 1,
    "pid": 26284,
    "index": 14
  },
  {
    "name": "Require(12) node_modules/egg-view/config/config.default.js",
    "start": 1587831004334,
    "end": 1587831004334,
    "duration": 0,
    "pid": 26284,
    "index": 15
  },
  {
    "name": "Require(13) node_modules/_egg-mysql@3.0.0@egg-mysql/config/config.default.js",
    "start": 1587831004335,
    "end": 1587831004335,
    "duration": 0,
    "pid": 26284,
    "index": 16
  },
  {
    "name": "Require(14) node_modules/_egg-view-ejs@2.0.1@egg-view-ejs/config/config.default.js",
    "start": 1587831004335,
    "end": 1587831004335,
    "duration": 0,
    "pid": 26284,
    "index": 17
  },
  {
    "name": "Require(15) node_modules/egg/config/config.default.js",
    "start": 1587831004336,
    "end": 1587831004336,
    "duration": 0,
    "pid": 26284,
    "index": 18
  },
  {
    "name": "Require(16) config/config.default.js",
    "start": 1587831004337,
    "end": 1587831004337,
    "duration": 0,
    "pid": 26284,
    "index": 19
  },
  {
    "name": "Require(17) node_modules/egg-security/config/config.local.js",
    "start": 1587831004337,
    "end": 1587831004337,
    "duration": 0,
    "pid": 26284,
    "index": 20
  },
  {
    "name": "Require(18) node_modules/egg-watcher/config/config.local.js",
    "start": 1587831004338,
    "end": 1587831004338,
    "duration": 0,
    "pid": 26284,
    "index": 21
  },
  {
    "name": "Require(19) node_modules/egg-view/config/config.local.js",
    "start": 1587831004338,
    "end": 1587831004338,
    "duration": 0,
    "pid": 26284,
    "index": 22
  },
  {
    "name": "Require(20) node_modules/_egg-view-ejs@2.0.1@egg-view-ejs/config/config.local.js",
    "start": 1587831004339,
    "end": 1587831004339,
    "duration": 0,
    "pid": 26284,
    "index": 23
  },
  {
    "name": "Require(21) node_modules/egg/config/config.local.js",
    "start": 1587831004339,
    "end": 1587831004339,
    "duration": 0,
    "pid": 26284,
    "index": 24
  },
  {
    "name": "Load extend/application.js",
    "start": 1587831004340,
    "end": 1587831004345,
    "duration": 5,
    "pid": 26284,
    "index": 25
  },
  {
    "name": "Require(22) node_modules/egg-session/app/extend/application.js",
    "start": 1587831004340,
    "end": 1587831004341,
    "duration": 1,
    "pid": 26284,
    "index": 26
  },
  {
    "name": "Require(23) node_modules/egg-security/app/extend/application.js",
    "start": 1587831004341,
    "end": 1587831004341,
    "duration": 0,
    "pid": 26284,
    "index": 27
  },
  {
    "name": "Require(24) node_modules/egg-jsonp/app/extend/application.js",
    "start": 1587831004341,
    "end": 1587831004342,
    "duration": 1,
    "pid": 26284,
    "index": 28
  },
  {
    "name": "Require(25) node_modules/egg-logrotator/app/extend/application.js",
    "start": 1587831004342,
    "end": 1587831004343,
    "duration": 1,
    "pid": 26284,
    "index": 29
  },
  {
    "name": "Require(26) node_modules/egg-view/app/extend/application.js",
    "start": 1587831004343,
    "end": 1587831004344,
    "duration": 1,
    "pid": 26284,
    "index": 30
  },
  {
    "name": "Load extend/request.js",
    "start": 1587831004345,
    "end": 1587831004347,
    "duration": 2,
    "pid": 26284,
    "index": 31
  },
  {
    "name": "Require(27) node_modules/egg/app/extend/request.js",
    "start": 1587831004346,
    "end": 1587831004346,
    "duration": 0,
    "pid": 26284,
    "index": 32
  },
  {
    "name": "Load extend/response.js",
    "start": 1587831004347,
    "end": 1587831004349,
    "duration": 2,
    "pid": 26284,
    "index": 33
  },
  {
    "name": "Require(28) node_modules/egg/app/extend/response.js",
    "start": 1587831004348,
    "end": 1587831004348,
    "duration": 0,
    "pid": 26284,
    "index": 34
  },
  {
    "name": "Load extend/context.js",
    "start": 1587831004349,
    "end": 1587831004380,
    "duration": 31,
    "pid": 26284,
    "index": 35
  },
  {
    "name": "Require(29) node_modules/egg-security/app/extend/context.js",
    "start": 1587831004349,
    "end": 1587831004353,
    "duration": 4,
    "pid": 26284,
    "index": 36
  },
  {
    "name": "Require(30) node_modules/egg-jsonp/app/extend/context.js",
    "start": 1587831004354,
    "end": 1587831004354,
    "duration": 0,
    "pid": 26284,
    "index": 37
  },
  {
    "name": "Require(31) node_modules/egg-i18n/app/extend/context.js",
    "start": 1587831004354,
    "end": 1587831004355,
    "duration": 1,
    "pid": 26284,
    "index": 38
  },
  {
    "name": "Require(32) node_modules/egg-multipart/app/extend/context.js",
    "start": 1587831004355,
    "end": 1587831004377,
    "duration": 22,
    "pid": 26284,
    "index": 39
  },
  {
    "name": "Require(33) node_modules/egg-view/app/extend/context.js",
    "start": 1587831004378,
    "end": 1587831004378,
    "duration": 0,
    "pid": 26284,
    "index": 40
  },
  {
    "name": "Require(34) node_modules/egg/app/extend/context.js",
    "start": 1587831004378,
    "end": 1587831004379,
    "duration": 1,
    "pid": 26284,
    "index": 41
  },
  {
    "name": "Load extend/helper.js",
    "start": 1587831004380,
    "end": 1587831004392,
    "duration": 12,
    "pid": 26284,
    "index": 42
  },
  {
    "name": "Require(35) node_modules/egg-security/app/extend/helper.js",
    "start": 1587831004380,
    "end": 1587831004390,
    "duration": 10,
    "pid": 26284,
    "index": 43
  },
  {
    "name": "Require(36) node_modules/egg/app/extend/helper.js",
    "start": 1587831004391,
    "end": 1587831004391,
    "duration": 0,
    "pid": 26284,
    "index": 44
  },
  {
    "name": "Load app.js",
    "start": 1587831004392,
    "end": 1587831004416,
    "duration": 24,
    "pid": 26284,
    "index": 45
  },
  {
    "name": "Require(37) node_modules/egg-session/app.js",
    "start": 1587831004392,
    "end": 1587831004392,
    "duration": 0,
    "pid": 26284,
    "index": 46
  },
  {
    "name": "Require(38) node_modules/egg-security/app.js",
    "start": 1587831004392,
    "end": 1587831004393,
    "duration": 1,
    "pid": 26284,
    "index": 47
  },
  {
    "name": "Require(39) node_modules/egg-onerror/app.js",
    "start": 1587831004393,
    "end": 1587831004397,
    "duration": 4,
    "pid": 26284,
    "index": 48
  },
  {
    "name": "Require(40) node_modules/egg-i18n/app.js",
    "start": 1587831004397,
    "end": 1587831004403,
    "duration": 6,
    "pid": 26284,
    "index": 49
  },
  {
    "name": "Require(41) node_modules/egg-watcher/app.js",
    "start": 1587831004403,
    "end": 1587831004405,
    "duration": 2,
    "pid": 26284,
    "index": 50
  },
  {
    "name": "Require(42) node_modules/egg-schedule/app.js",
    "start": 1587831004405,
    "end": 1587831004406,
    "duration": 1,
    "pid": 26284,
    "index": 51
  },
  {
    "name": "Require(43) node_modules/egg-multipart/app.js",
    "start": 1587831004406,
    "end": 1587831004407,
    "duration": 1,
    "pid": 26284,
    "index": 52
  },
  {
    "name": "Require(44) node_modules/egg-development/app.js",
    "start": 1587831004407,
    "end": 1587831004407,
    "duration": 0,
    "pid": 26284,
    "index": 53
  },
  {
    "name": "Require(45) node_modules/egg-logrotator/app.js",
    "start": 1587831004407,
    "end": 1587831004407,
    "duration": 0,
    "pid": 26284,
    "index": 54
  },
  {
    "name": "Require(46) node_modules/egg-static/app.js",
    "start": 1587831004407,
    "end": 1587831004408,
    "duration": 1,
    "pid": 26284,
    "index": 55
  },
  {
    "name": "Require(47) node_modules/_egg-mysql@3.0.0@egg-mysql/app.js",
    "start": 1587831004408,
    "end": 1587831004415,
    "duration": 7,
    "pid": 26284,
    "index": 56
  },
  {
    "name": "Require(48) node_modules/_egg-view-ejs@2.0.1@egg-view-ejs/app.js",
    "start": 1587831004415,
    "end": 1587831004416,
    "duration": 1,
    "pid": 26284,
    "index": 57
  },
  {
    "name": "Before Start in node_modules/egg-watcher/lib/init.js:15:14",
    "start": 1587831004422,
    "end": 1587831004547,
    "duration": 125,
    "pid": 26284,
    "index": 58
  },
  {
    "name": "Before Start in node_modules/_egg-mysql@3.0.0@egg-mysql/lib/mysql.js:20:7",
    "start": 1587831004483,
    "end": 1587831004636,
    "duration": 153,
    "pid": 26284,
    "index": 59
  },
  {
    "name": "Load Service",
    "start": 1587831004485,
    "end": 1587831004488,
    "duration": 3,
    "pid": 26284,
    "index": 60
  },
  {
    "name": "Load \"service\" to Context",
    "start": 1587831004485,
    "end": 1587831004488,
    "duration": 3,
    "pid": 26284,
    "index": 61
  },
  {
    "name": "Load Middleware",
    "start": 1587831004489,
    "end": 1587831004521,
    "duration": 32,
    "pid": 26284,
    "index": 62
  },
  {
    "name": "Load \"middlewares\" to Application",
    "start": 1587831004489,
    "end": 1587831004517,
    "duration": 28,
    "pid": 26284,
    "index": 63
  },
  {
    "name": "Load Controller",
    "start": 1587831004521,
    "end": 1587831004533,
    "duration": 12,
    "pid": 26284,
    "index": 64
  },
  {
    "name": "Load \"controller\" to Application",
    "start": 1587831004521,
    "end": 1587831004533,
    "duration": 12,
    "pid": 26284,
    "index": 65
  },
  {
    "name": "Load Router",
    "start": 1587831004533,
    "end": 1587831004535,
    "duration": 2,
    "pid": 26284,
    "index": 66
  },
  {
    "name": "Require(49) app/router.js",
    "start": 1587831004533,
    "end": 1587831004534,
    "duration": 1,
    "pid": 26284,
    "index": 67
  },
  {
    "name": "Before Start in node_modules/egg-core/lib/egg.js:303:10",
    "start": 1587831004534,
    "end": 1587831004542,
    "duration": 8,
    "pid": 26284,
    "index": 68
  }
]