[
  {
    "name": "Application Start",
    "start": 1587653004864,
    "end": 1587653005262,
    "duration": 398,
    "pid": 50100,
    "index": 0
  },
  {
    "name": "Load Plugin",
    "start": 1587653004867,
    "end": 1587653004875,
    "duration": 8,
    "pid": 50100,
    "index": 1
  },
  {
    "name": "Load Config",
    "start": 1587653004875,
    "end": 1587653004888,
    "duration": 13,
    "pid": 50100,
    "index": 2
  },
  {
    "name": "Require(0) config/config.default.js",
    "start": 1587653004875,
    "end": 1587653004875,
    "duration": 0,
    "pid": 50100,
    "index": 3
  },
  {
    "name": "Require(1) node_modules/egg-session/config/config.default.js",
    "start": 1587653004876,
    "end": 1587653004877,
    "duration": 1,
    "pid": 50100,
    "index": 4
  },
  {
    "name": "Require(2) node_modules/egg-security/config/config.default.js",
    "start": 1587653004877,
    "end": 1587653004877,
    "duration": 0,
    "pid": 50100,
    "index": 5
  },
  {
    "name": "Require(3) node_modules/egg-jsonp/config/config.default.js",
    "start": 1587653004878,
    "end": 1587653004878,
    "duration": 0,
    "pid": 50100,
    "index": 6
  },
  {
    "name": "Require(4) node_modules/egg-onerror/config/config.default.js",
    "start": 1587653004878,
    "end": 1587653004879,
    "duration": 1,
    "pid": 50100,
    "index": 7
  },
  {
    "name": "Require(5) node_modules/egg-i18n/config/config.default.js",
    "start": 1587653004879,
    "end": 1587653004879,
    "duration": 0,
    "pid": 50100,
    "index": 8
  },
  {
    "name": "Require(6) node_modules/egg-watcher/config/config.default.js",
    "start": 1587653004880,
    "end": 1587653004880,
    "duration": 0,
    "pid": 50100,
    "index": 9
  },
  {
    "name": "Require(7) node_modules/egg-schedule/config/config.default.js",
    "start": 1587653004880,
    "end": 1587653004880,
    "duration": 0,
    "pid": 50100,
    "index": 10
  },
  {
    "name": "Require(8) node_modules/egg-multipart/config/config.default.js",
    "start": 1587653004881,
    "end": 1587653004881,
    "duration": 0,
    "pid": 50100,
    "index": 11
  },
  {
    "name": "Require(9) node_modules/egg-development/config/config.default.js",
    "start": 1587653004881,
    "end": 1587653004882,
    "duration": 1,
    "pid": 50100,
    "index": 12
  },
  {
    "name": "Require(10) node_modules/egg-logrotator/config/config.default.js",
    "start": 1587653004882,
    "end": 1587653004882,
    "duration": 0,
    "pid": 50100,
    "index": 13
  },
  {
    "name": "Require(11) node_modules/egg-static/config/config.default.js",
    "start": 1587653004882,
    "end": 1587653004883,
    "duration": 1,
    "pid": 50100,
    "index": 14
  },
  {
    "name": "Require(12) node_modules/egg-view/config/config.default.js",
    "start": 1587653004883,
    "end": 1587653004883,
    "duration": 0,
    "pid": 50100,
    "index": 15
  },
  {
    "name": "Require(13) node_modules/_egg-mysql@3.0.0@egg-mysql/config/config.default.js",
    "start": 1587653004883,
    "end": 1587653004884,
    "duration": 1,
    "pid": 50100,
    "index": 16
  },
  {
    "name": "Require(14) node_modules/_egg-view-ejs@2.0.1@egg-view-ejs/config/config.default.js",
    "start": 1587653004884,
    "end": 1587653004884,
    "duration": 0,
    "pid": 50100,
    "index": 17
  },
  {
    "name": "Require(15) node_modules/egg/config/config.default.js",
    "start": 1587653004884,
    "end": 1587653004885,
    "duration": 1,
    "pid": 50100,
    "index": 18
  },
  {
    "name": "Require(16) config/config.default.js",
    "start": 1587653004886,
    "end": 1587653004886,
    "duration": 0,
    "pid": 50100,
    "index": 19
  },
  {
    "name": "Require(17) node_modules/egg-security/config/config.local.js",
    "start": 1587653004886,
    "end": 1587653004886,
    "duration": 0,
    "pid": 50100,
    "index": 20
  },
  {
    "name": "Require(18) node_modules/egg-watcher/config/config.local.js",
    "start": 1587653004887,
    "end": 1587653004887,
    "duration": 0,
    "pid": 50100,
    "index": 21
  },
  {
    "name": "Require(19) node_modules/egg-view/config/config.local.js",
    "start": 1587653004887,
    "end": 1587653004887,
    "duration": 0,
    "pid": 50100,
    "index": 22
  },
  {
    "name": "Require(20) node_modules/_egg-view-ejs@2.0.1@egg-view-ejs/config/config.local.js",
    "start": 1587653004888,
    "end": 1587653004888,
    "duration": 0,
    "pid": 50100,
    "index": 23
  },
  {
    "name": "Require(21) node_modules/egg/config/config.local.js",
    "start": 1587653004888,
    "end": 1587653004888,
    "duration": 0,
    "pid": 50100,
    "index": 24
  },
  {
    "name": "Load extend/application.js",
    "start": 1587653004889,
    "end": 1587653004896,
    "duration": 7,
    "pid": 50100,
    "index": 25
  },
  {
    "name": "Require(22) node_modules/egg-session/app/extend/application.js",
    "start": 1587653004889,
    "end": 1587653004890,
    "duration": 1,
    "pid": 50100,
    "index": 26
  },
  {
    "name": "Require(23) node_modules/egg-security/app/extend/application.js",
    "start": 1587653004890,
    "end": 1587653004891,
    "duration": 1,
    "pid": 50100,
    "index": 27
  },
  {
    "name": "Require(24) node_modules/egg-jsonp/app/extend/application.js",
    "start": 1587653004891,
    "end": 1587653004892,
    "duration": 1,
    "pid": 50100,
    "index": 28
  },
  {
    "name": "Require(25) node_modules/egg-logrotator/app/extend/application.js",
    "start": 1587653004893,
    "end": 1587653004894,
    "duration": 1,
    "pid": 50100,
    "index": 29
  },
  {
    "name": "Require(26) node_modules/egg-view/app/extend/application.js",
    "start": 1587653004894,
    "end": 1587653004895,
    "duration": 1,
    "pid": 50100,
    "index": 30
  },
  {
    "name": "Load extend/request.js",
    "start": 1587653004896,
    "end": 1587653004899,
    "duration": 3,
    "pid": 50100,
    "index": 31
  },
  {
    "name": "Require(27) node_modules/egg/app/extend/request.js",
    "start": 1587653004897,
    "end": 1587653004898,
    "duration": 1,
    "pid": 50100,
    "index": 32
  },
  {
    "name": "Load extend/response.js",
    "start": 1587653004899,
    "end": 1587653004902,
    "duration": 3,
    "pid": 50100,
    "index": 33
  },
  {
    "name": "Require(28) node_modules/egg/app/extend/response.js",
    "start": 1587653004900,
    "end": 1587653004901,
    "duration": 1,
    "pid": 50100,
    "index": 34
  },
  {
    "name": "Load extend/context.js",
    "start": 1587653004902,
    "end": 1587653004938,
    "duration": 36,
    "pid": 50100,
    "index": 35
  },
  {
    "name": "Require(29) node_modules/egg-security/app/extend/context.js",
    "start": 1587653004902,
    "end": 1587653004907,
    "duration": 5,
    "pid": 50100,
    "index": 36
  },
  {
    "name": "Require(30) node_modules/egg-jsonp/app/extend/context.js",
    "start": 1587653004907,
    "end": 1587653004907,
    "duration": 0,
    "pid": 50100,
    "index": 37
  },
  {
    "name": "Require(31) node_modules/egg-i18n/app/extend/context.js",
    "start": 1587653004908,
    "end": 1587653004908,
    "duration": 0,
    "pid": 50100,
    "index": 38
  },
  {
    "name": "Require(32) node_modules/egg-multipart/app/extend/context.js",
    "start": 1587653004908,
    "end": 1587653004935,
    "duration": 27,
    "pid": 50100,
    "index": 39
  },
  {
    "name": "Require(33) node_modules/egg-view/app/extend/context.js",
    "start": 1587653004935,
    "end": 1587653004936,
    "duration": 1,
    "pid": 50100,
    "index": 40
  },
  {
    "name": "Require(34) node_modules/egg/app/extend/context.js",
    "start": 1587653004936,
    "end": 1587653004937,
    "duration": 1,
    "pid": 50100,
    "index": 41
  },
  {
    "name": "Load extend/helper.js",
    "start": 1587653004938,
    "end": 1587653004956,
    "duration": 18,
    "pid": 50100,
    "index": 42
  },
  {
    "name": "Require(35) node_modules/egg-security/app/extend/helper.js",
    "start": 1587653004938,
    "end": 1587653004954,
    "duration": 16,
    "pid": 50100,
    "index": 43
  },
  {
    "name": "Require(36) node_modules/egg/app/extend/helper.js",
    "start": 1587653004954,
    "end": 1587653004955,
    "duration": 1,
    "pid": 50100,
    "index": 44
  },
  {
    "name": "Load app.js",
    "start": 1587653004956,
    "end": 1587653004992,
    "duration": 36,
    "pid": 50100,
    "index": 45
  },
  {
    "name": "Require(37) node_modules/egg-session/app.js",
    "start": 1587653004956,
    "end": 1587653004956,
    "duration": 0,
    "pid": 50100,
    "index": 46
  },
  {
    "name": "Require(38) node_modules/egg-security/app.js",
    "start": 1587653004957,
    "end": 1587653004958,
    "duration": 1,
    "pid": 50100,
    "index": 47
  },
  {
    "name": "Require(39) node_modules/egg-onerror/app.js",
    "start": 1587653004958,
    "end": 1587653004964,
    "duration": 6,
    "pid": 50100,
    "index": 48
  },
  {
    "name": "Require(40) node_modules/egg-i18n/app.js",
    "start": 1587653004964,
    "end": 1587653004975,
    "duration": 11,
    "pid": 50100,
    "index": 49
  },
  {
    "name": "Require(41) node_modules/egg-watcher/app.js",
    "start": 1587653004975,
    "end": 1587653004977,
    "duration": 2,
    "pid": 50100,
    "index": 50
  },
  {
    "name": "Require(42) node_modules/egg-schedule/app.js",
    "start": 1587653004977,
    "end": 1587653004978,
    "duration": 1,
    "pid": 50100,
    "index": 51
  },
  {
    "name": "Require(43) node_modules/egg-multipart/app.js",
    "start": 1587653004978,
    "end": 1587653004980,
    "duration": 2,
    "pid": 50100,
    "index": 52
  },
  {
    "name": "Require(44) node_modules/egg-development/app.js",
    "start": 1587653004980,
    "end": 1587653004981,
    "duration": 1,
    "pid": 50100,
    "index": 53
  },
  {
    "name": "Require(45) node_modules/egg-logrotator/app.js",
    "start": 1587653004981,
    "end": 1587653004981,
    "duration": 0,
    "pid": 50100,
    "index": 54
  },
  {
    "name": "Require(46) node_modules/egg-static/app.js",
    "start": 1587653004981,
    "end": 1587653004982,
    "duration": 1,
    "pid": 50100,
    "index": 55
  },
  {
    "name": "Require(47) node_modules/_egg-mysql@3.0.0@egg-mysql/app.js",
    "start": 1587653004982,
    "end": 1587653004991,
    "duration": 9,
    "pid": 50100,
    "index": 56
  },
  {
    "name": "Require(48) node_modules/_egg-view-ejs@2.0.1@egg-view-ejs/app.js",
    "start": 1587653004991,
    "end": 1587653004991,
    "duration": 0,
    "pid": 50100,
    "index": 57
  },
  {
    "name": "Before Start in node_modules/egg-watcher/lib/init.js:15:14",
    "start": 1587653004999,
    "end": 1587653005186,
    "duration": 187,
    "pid": 50100,
    "index": 58
  },
  {
    "name": "Before Start in node_modules/_egg-mysql@3.0.0@egg-mysql/lib/mysql.js:20:7",
    "start": 1587653005075,
    "end": 1587653005261,
    "duration": 186,
    "pid": 50100,
    "index": 59
  },
  {
    "name": "Load Service",
    "start": 1587653005079,
    "end": 1587653005083,
    "duration": 4,
    "pid": 50100,
    "index": 60
  },
  {
    "name": "Load \"service\" to Context",
    "start": 1587653005079,
    "end": 1587653005083,
    "duration": 4,
    "pid": 50100,
    "index": 61
  },
  {
    "name": "Load Middleware",
    "start": 1587653005083,
    "end": 1587653005150,
    "duration": 67,
    "pid": 50100,
    "index": 62
  },
  {
    "name": "Load \"middlewares\" to Application",
    "start": 1587653005083,
    "end": 1587653005143,
    "duration": 60,
    "pid": 50100,
    "index": 63
  },
  {
    "name": "Load Controller",
    "start": 1587653005150,
    "end": 1587653005172,
    "duration": 22,
    "pid": 50100,
    "index": 64
  },
  {
    "name": "Load \"controller\" to Application",
    "start": 1587653005150,
    "end": 1587653005172,
    "duration": 22,
    "pid": 50100,
    "index": 65
  },
  {
    "name": "Load Router",
    "start": 1587653005172,
    "end": 1587653005174,
    "duration": 2,
    "pid": 50100,
    "index": 66
  },
  {
    "name": "Require(49) app/router.js",
    "start": 1587653005172,
    "end": 1587653005172,
    "duration": 0,
    "pid": 50100,
    "index": 67
  },
  {
    "name": "Before Start in node_modules/egg-core/lib/egg.js:303:10",
    "start": 1587653005173,
    "end": 1587653005181,
    "duration": 8,
    "pid": 50100,
    "index": 68
  }
]