[
  {
    "name": "Application Start",
    "start": 1587830992320,
    "end": 1587830992680,
    "duration": 360,
    "pid": 26273,
    "index": 0
  },
  {
    "name": "Load Plugin",
    "start": 1587830992323,
    "end": 1587830992330,
    "duration": 7,
    "pid": 26273,
    "index": 1
  },
  {
    "name": "Load Config",
    "start": 1587830992331,
    "end": 1587830992343,
    "duration": 12,
    "pid": 26273,
    "index": 2
  },
  {
    "name": "Require(0) config/config.default.js",
    "start": 1587830992331,
    "end": 1587830992331,
    "duration": 0,
    "pid": 26273,
    "index": 3
  },
  {
    "name": "Require(1) node_modules/egg-session/config/config.default.js",
    "start": 1587830992332,
    "end": 1587830992332,
    "duration": 0,
    "pid": 26273,
    "index": 4
  },
  {
    "name": "Require(2) node_modules/egg-security/config/config.default.js",
    "start": 1587830992333,
    "end": 1587830992333,
    "duration": 0,
    "pid": 26273,
    "index": 5
  },
  {
    "name": "Require(3) node_modules/egg-jsonp/config/config.default.js",
    "start": 1587830992334,
    "end": 1587830992334,
    "duration": 0,
    "pid": 26273,
    "index": 6
  },
  {
    "name": "Require(4) node_modules/egg-onerror/config/config.default.js",
    "start": 1587830992334,
    "end": 1587830992334,
    "duration": 0,
    "pid": 26273,
    "index": 7
  },
  {
    "name": "Require(5) node_modules/egg-i18n/config/config.default.js",
    "start": 1587830992335,
    "end": 1587830992335,
    "duration": 0,
    "pid": 26273,
    "index": 8
  },
  {
    "name": "Require(6) node_modules/egg-watcher/config/config.default.js",
    "start": 1587830992335,
    "end": 1587830992336,
    "duration": 1,
    "pid": 26273,
    "index": 9
  },
  {
    "name": "Require(7) node_modules/egg-schedule/config/config.default.js",
    "start": 1587830992336,
    "end": 1587830992336,
    "duration": 0,
    "pid": 26273,
    "index": 10
  },
  {
    "name": "Require(8) node_modules/egg-multipart/config/config.default.js",
    "start": 1587830992336,
    "end": 1587830992337,
    "duration": 1,
    "pid": 26273,
    "index": 11
  },
  {
    "name": "Require(9) node_modules/egg-development/config/config.default.js",
    "start": 1587830992337,
    "end": 1587830992337,
    "duration": 0,
    "pid": 26273,
    "index": 12
  },
  {
    "name": "Require(10) node_modules/egg-logrotator/config/config.default.js",
    "start": 1587830992337,
    "end": 1587830992338,
    "duration": 1,
    "pid": 26273,
    "index": 13
  },
  {
    "name": "Require(11) node_modules/egg-static/config/config.default.js",
    "start": 1587830992338,
    "end": 1587830992338,
    "duration": 0,
    "pid": 26273,
    "index": 14
  },
  {
    "name": "Require(12) node_modules/egg-view/config/config.default.js",
    "start": 1587830992338,
    "end": 1587830992339,
    "duration": 1,
    "pid": 26273,
    "index": 15
  },
  {
    "name": "Require(13) node_modules/_egg-mysql@3.0.0@egg-mysql/config/config.default.js",
    "start": 1587830992339,
    "end": 1587830992339,
    "duration": 0,
    "pid": 26273,
    "index": 16
  },
  {
    "name": "Require(14) node_modules/_egg-view-ejs@2.0.1@egg-view-ejs/config/config.default.js",
    "start": 1587830992339,
    "end": 1587830992340,
    "duration": 1,
    "pid": 26273,
    "index": 17
  },
  {
    "name": "Require(15) node_modules/egg/config/config.default.js",
    "start": 1587830992340,
    "end": 1587830992340,
    "duration": 0,
    "pid": 26273,
    "index": 18
  },
  {
    "name": "Require(16) config/config.default.js",
    "start": 1587830992341,
    "end": 1587830992341,
    "duration": 0,
    "pid": 26273,
    "index": 19
  },
  {
    "name": "Require(17) node_modules/egg-security/config/config.local.js",
    "start": 1587830992341,
    "end": 1587830992342,
    "duration": 1,
    "pid": 26273,
    "index": 20
  },
  {
    "name": "Require(18) node_modules/egg-watcher/config/config.local.js",
    "start": 1587830992342,
    "end": 1587830992342,
    "duration": 0,
    "pid": 26273,
    "index": 21
  },
  {
    "name": "Require(19) node_modules/egg-view/config/config.local.js",
    "start": 1587830992343,
    "end": 1587830992343,
    "duration": 0,
    "pid": 26273,
    "index": 22
  },
  {
    "name": "Require(20) node_modules/_egg-view-ejs@2.0.1@egg-view-ejs/config/config.local.js",
    "start": 1587830992343,
    "end": 1587830992343,
    "duration": 0,
    "pid": 26273,
    "index": 23
  },
  {
    "name": "Require(21) node_modules/egg/config/config.local.js",
    "start": 1587830992343,
    "end": 1587830992343,
    "duration": 0,
    "pid": 26273,
    "index": 24
  },
  {
    "name": "Load extend/application.js",
    "start": 1587830992344,
    "end": 1587830992349,
    "duration": 5,
    "pid": 26273,
    "index": 25
  },
  {
    "name": "Require(22) node_modules/egg-session/app/extend/application.js",
    "start": 1587830992345,
    "end": 1587830992345,
    "duration": 0,
    "pid": 26273,
    "index": 26
  },
  {
    "name": "Require(23) node_modules/egg-security/app/extend/application.js",
    "start": 1587830992345,
    "end": 1587830992346,
    "duration": 1,
    "pid": 26273,
    "index": 27
  },
  {
    "name": "Require(24) node_modules/egg-jsonp/app/extend/application.js",
    "start": 1587830992346,
    "end": 1587830992346,
    "duration": 0,
    "pid": 26273,
    "index": 28
  },
  {
    "name": "Require(25) node_modules/egg-logrotator/app/extend/application.js",
    "start": 1587830992347,
    "end": 1587830992347,
    "duration": 0,
    "pid": 26273,
    "index": 29
  },
  {
    "name": "Require(26) node_modules/egg-view/app/extend/application.js",
    "start": 1587830992348,
    "end": 1587830992348,
    "duration": 0,
    "pid": 26273,
    "index": 30
  },
  {
    "name": "Load extend/request.js",
    "start": 1587830992349,
    "end": 1587830992351,
    "duration": 2,
    "pid": 26273,
    "index": 31
  },
  {
    "name": "Require(27) node_modules/egg/app/extend/request.js",
    "start": 1587830992350,
    "end": 1587830992351,
    "duration": 1,
    "pid": 26273,
    "index": 32
  },
  {
    "name": "Load extend/response.js",
    "start": 1587830992351,
    "end": 1587830992354,
    "duration": 3,
    "pid": 26273,
    "index": 33
  },
  {
    "name": "Require(28) node_modules/egg/app/extend/response.js",
    "start": 1587830992352,
    "end": 1587830992353,
    "duration": 1,
    "pid": 26273,
    "index": 34
  },
  {
    "name": "Load extend/context.js",
    "start": 1587830992354,
    "end": 1587830992390,
    "duration": 36,
    "pid": 26273,
    "index": 35
  },
  {
    "name": "Require(29) node_modules/egg-security/app/extend/context.js",
    "start": 1587830992354,
    "end": 1587830992358,
    "duration": 4,
    "pid": 26273,
    "index": 36
  },
  {
    "name": "Require(30) node_modules/egg-jsonp/app/extend/context.js",
    "start": 1587830992358,
    "end": 1587830992359,
    "duration": 1,
    "pid": 26273,
    "index": 37
  },
  {
    "name": "Require(31) node_modules/egg-i18n/app/extend/context.js",
    "start": 1587830992359,
    "end": 1587830992359,
    "duration": 0,
    "pid": 26273,
    "index": 38
  },
  {
    "name": "Require(32) node_modules/egg-multipart/app/extend/context.js",
    "start": 1587830992359,
    "end": 1587830992387,
    "duration": 28,
    "pid": 26273,
    "index": 39
  },
  {
    "name": "Require(33) node_modules/egg-view/app/extend/context.js",
    "start": 1587830992387,
    "end": 1587830992388,
    "duration": 1,
    "pid": 26273,
    "index": 40
  },
  {
    "name": "Require(34) node_modules/egg/app/extend/context.js",
    "start": 1587830992388,
    "end": 1587830992389,
    "duration": 1,
    "pid": 26273,
    "index": 41
  },
  {
    "name": "Load extend/helper.js",
    "start": 1587830992390,
    "end": 1587830992403,
    "duration": 13,
    "pid": 26273,
    "index": 42
  },
  {
    "name": "Require(35) node_modules/egg-security/app/extend/helper.js",
    "start": 1587830992390,
    "end": 1587830992401,
    "duration": 11,
    "pid": 26273,
    "index": 43
  },
  {
    "name": "Require(36) node_modules/egg/app/extend/helper.js",
    "start": 1587830992402,
    "end": 1587830992402,
    "duration": 0,
    "pid": 26273,
    "index": 44
  },
  {
    "name": "Load app.js",
    "start": 1587830992403,
    "end": 1587830992429,
    "duration": 26,
    "pid": 26273,
    "index": 45
  },
  {
    "name": "Require(37) node_modules/egg-session/app.js",
    "start": 1587830992403,
    "end": 1587830992403,
    "duration": 0,
    "pid": 26273,
    "index": 46
  },
  {
    "name": "Require(38) node_modules/egg-security/app.js",
    "start": 1587830992403,
    "end": 1587830992404,
    "duration": 1,
    "pid": 26273,
    "index": 47
  },
  {
    "name": "Require(39) node_modules/egg-onerror/app.js",
    "start": 1587830992404,
    "end": 1587830992408,
    "duration": 4,
    "pid": 26273,
    "index": 48
  },
  {
    "name": "Require(40) node_modules/egg-i18n/app.js",
    "start": 1587830992408,
    "end": 1587830992415,
    "duration": 7,
    "pid": 26273,
    "index": 49
  },
  {
    "name": "Require(41) node_modules/egg-watcher/app.js",
    "start": 1587830992415,
    "end": 1587830992417,
    "duration": 2,
    "pid": 26273,
    "index": 50
  },
  {
    "name": "Require(42) node_modules/egg-schedule/app.js",
    "start": 1587830992417,
    "end": 1587830992418,
    "duration": 1,
    "pid": 26273,
    "index": 51
  },
  {
    "name": "Require(43) node_modules/egg-multipart/app.js",
    "start": 1587830992418,
    "end": 1587830992419,
    "duration": 1,
    "pid": 26273,
    "index": 52
  },
  {
    "name": "Require(44) node_modules/egg-development/app.js",
    "start": 1587830992419,
    "end": 1587830992419,
    "duration": 0,
    "pid": 26273,
    "index": 53
  },
  {
    "name": "Require(45) node_modules/egg-logrotator/app.js",
    "start": 1587830992419,
    "end": 1587830992419,
    "duration": 0,
    "pid": 26273,
    "index": 54
  },
  {
    "name": "Require(46) node_modules/egg-static/app.js",
    "start": 1587830992419,
    "end": 1587830992420,
    "duration": 1,
    "pid": 26273,
    "index": 55
  },
  {
    "name": "Require(47) node_modules/_egg-mysql@3.0.0@egg-mysql/app.js",
    "start": 1587830992420,
    "end": 1587830992429,
    "duration": 9,
    "pid": 26273,
    "index": 56
  },
  {
    "name": "Require(48) node_modules/_egg-view-ejs@2.0.1@egg-view-ejs/app.js",
    "start": 1587830992429,
    "end": 1587830992429,
    "duration": 0,
    "pid": 26273,
    "index": 57
  },
  {
    "name": "Before Start in node_modules/egg-watcher/lib/init.js:15:14",
    "start": 1587830992436,
    "end": 1587830992586,
    "duration": 150,
    "pid": 26273,
    "index": 58
  },
  {
    "name": "Before Start in node_modules/_egg-mysql@3.0.0@egg-mysql/lib/mysql.js:20:7",
    "start": 1587830992506,
    "end": 1587830992679,
    "duration": 173,
    "pid": 26273,
    "index": 59
  },
  {
    "name": "Load Service",
    "start": 1587830992508,
    "end": 1587830992512,
    "duration": 4,
    "pid": 26273,
    "index": 60
  },
  {
    "name": "Load \"service\" to Context",
    "start": 1587830992508,
    "end": 1587830992512,
    "duration": 4,
    "pid": 26273,
    "index": 61
  },
  {
    "name": "Load Middleware",
    "start": 1587830992512,
    "end": 1587830992554,
    "duration": 42,
    "pid": 26273,
    "index": 62
  },
  {
    "name": "Load \"middlewares\" to Application",
    "start": 1587830992513,
    "end": 1587830992549,
    "duration": 36,
    "pid": 26273,
    "index": 63
  },
  {
    "name": "Load Controller",
    "start": 1587830992554,
    "end": 1587830992569,
    "duration": 15,
    "pid": 26273,
    "index": 64
  },
  {
    "name": "Load \"controller\" to Application",
    "start": 1587830992554,
    "end": 1587830992569,
    "duration": 15,
    "pid": 26273,
    "index": 65
  },
  {
    "name": "Load Router",
    "start": 1587830992569,
    "end": 1587830992571,
    "duration": 2,
    "pid": 26273,
    "index": 66
  },
  {
    "name": "Require(49) app/router.js",
    "start": 1587830992569,
    "end": 1587830992570,
    "duration": 1,
    "pid": 26273,
    "index": 67
  },
  {
    "name": "Before Start in node_modules/egg-core/lib/egg.js:303:10",
    "start": 1587830992570,
    "end": 1587830992580,
    "duration": 10,
    "pid": 26273,
    "index": 68
  }
]