[
  {
    "name": "Application Start",
    "start": 1587831082327,
    "end": 1587831082676,
    "duration": 349,
    "pid": 26420,
    "index": 0
  },
  {
    "name": "Load Plugin",
    "start": 1587831082332,
    "end": 1587831082340,
    "duration": 8,
    "pid": 26420,
    "index": 1
  },
  {
    "name": "Load Config",
    "start": 1587831082341,
    "end": 1587831082356,
    "duration": 15,
    "pid": 26420,
    "index": 2
  },
  {
    "name": "Require(0) config/config.default.js",
    "start": 1587831082341,
    "end": 1587831082341,
    "duration": 0,
    "pid": 26420,
    "index": 3
  },
  {
    "name": "Require(1) node_modules/egg-session/config/config.default.js",
    "start": 1587831082342,
    "end": 1587831082343,
    "duration": 1,
    "pid": 26420,
    "index": 4
  },
  {
    "name": "Require(2) node_modules/egg-security/config/config.default.js",
    "start": 1587831082343,
    "end": 1587831082343,
    "duration": 0,
    "pid": 26420,
    "index": 5
  },
  {
    "name": "Require(3) node_modules/egg-jsonp/config/config.default.js",
    "start": 1587831082344,
    "end": 1587831082345,
    "duration": 1,
    "pid": 26420,
    "index": 6
  },
  {
    "name": "Require(4) node_modules/egg-onerror/config/config.default.js",
    "start": 1587831082345,
    "end": 1587831082345,
    "duration": 0,
    "pid": 26420,
    "index": 7
  },
  {
    "name": "Require(5) node_modules/egg-i18n/config/config.default.js",
    "start": 1587831082346,
    "end": 1587831082346,
    "duration": 0,
    "pid": 26420,
    "index": 8
  },
  {
    "name": "Require(6) node_modules/egg-watcher/config/config.default.js",
    "start": 1587831082346,
    "end": 1587831082347,
    "duration": 1,
    "pid": 26420,
    "index": 9
  },
  {
    "name": "Require(7) node_modules/egg-schedule/config/config.default.js",
    "start": 1587831082347,
    "end": 1587831082347,
    "duration": 0,
    "pid": 26420,
    "index": 10
  },
  {
    "name": "Require(8) node_modules/egg-multipart/config/config.default.js",
    "start": 1587831082347,
    "end": 1587831082348,
    "duration": 1,
    "pid": 26420,
    "index": 11
  },
  {
    "name": "Require(9) node_modules/egg-development/config/config.default.js",
    "start": 1587831082348,
    "end": 1587831082349,
    "duration": 1,
    "pid": 26420,
    "index": 12
  },
  {
    "name": "Require(10) node_modules/egg-logrotator/config/config.default.js",
    "start": 1587831082349,
    "end": 1587831082349,
    "duration": 0,
    "pid": 26420,
    "index": 13
  },
  {
    "name": "Require(11) node_modules/egg-static/config/config.default.js",
    "start": 1587831082349,
    "end": 1587831082350,
    "duration": 1,
    "pid": 26420,
    "index": 14
  },
  {
    "name": "Require(12) node_modules/egg-view/config/config.default.js",
    "start": 1587831082350,
    "end": 1587831082350,
    "duration": 0,
    "pid": 26420,
    "index": 15
  },
  {
    "name": "Require(13) node_modules/_egg-mysql@3.0.0@egg-mysql/config/config.default.js",
    "start": 1587831082350,
    "end": 1587831082351,
    "duration": 1,
    "pid": 26420,
    "index": 16
  },
  {
    "name": "Require(14) node_modules/_egg-view-ejs@2.0.1@egg-view-ejs/config/config.default.js",
    "start": 1587831082351,
    "end": 1587831082351,
    "duration": 0,
    "pid": 26420,
    "index": 17
  },
  {
    "name": "Require(15) node_modules/egg/config/config.default.js",
    "start": 1587831082351,
    "end": 1587831082352,
    "duration": 1,
    "pid": 26420,
    "index": 18
  },
  {
    "name": "Require(16) config/config.default.js",
    "start": 1587831082353,
    "end": 1587831082353,
    "duration": 0,
    "pid": 26420,
    "index": 19
  },
  {
    "name": "Require(17) node_modules/egg-security/config/config.local.js",
    "start": 1587831082353,
    "end": 1587831082354,
    "duration": 1,
    "pid": 26420,
    "index": 20
  },
  {
    "name": "Require(18) node_modules/egg-watcher/config/config.local.js",
    "start": 1587831082354,
    "end": 1587831082354,
    "duration": 0,
    "pid": 26420,
    "index": 21
  },
  {
    "name": "Require(19) node_modules/egg-view/config/config.local.js",
    "start": 1587831082355,
    "end": 1587831082355,
    "duration": 0,
    "pid": 26420,
    "index": 22
  },
  {
    "name": "Require(20) node_modules/_egg-view-ejs@2.0.1@egg-view-ejs/config/config.local.js",
    "start": 1587831082355,
    "end": 1587831082355,
    "duration": 0,
    "pid": 26420,
    "index": 23
  },
  {
    "name": "Require(21) node_modules/egg/config/config.local.js",
    "start": 1587831082355,
    "end": 1587831082355,
    "duration": 0,
    "pid": 26420,
    "index": 24
  },
  {
    "name": "Load extend/application.js",
    "start": 1587831082357,
    "end": 1587831082362,
    "duration": 5,
    "pid": 26420,
    "index": 25
  },
  {
    "name": "Require(22) node_modules/egg-session/app/extend/application.js",
    "start": 1587831082357,
    "end": 1587831082357,
    "duration": 0,
    "pid": 26420,
    "index": 26
  },
  {
    "name": "Require(23) node_modules/egg-security/app/extend/application.js",
    "start": 1587831082357,
    "end": 1587831082358,
    "duration": 1,
    "pid": 26420,
    "index": 27
  },
  {
    "name": "Require(24) node_modules/egg-jsonp/app/extend/application.js",
    "start": 1587831082358,
    "end": 1587831082359,
    "duration": 1,
    "pid": 26420,
    "index": 28
  },
  {
    "name": "Require(25) node_modules/egg-logrotator/app/extend/application.js",
    "start": 1587831082359,
    "end": 1587831082360,
    "duration": 1,
    "pid": 26420,
    "index": 29
  },
  {
    "name": "Require(26) node_modules/egg-view/app/extend/application.js",
    "start": 1587831082360,
    "end": 1587831082361,
    "duration": 1,
    "pid": 26420,
    "index": 30
  },
  {
    "name": "Load extend/request.js",
    "start": 1587831082362,
    "end": 1587831082365,
    "duration": 3,
    "pid": 26420,
    "index": 31
  },
  {
    "name": "Require(27) node_modules/egg/app/extend/request.js",
    "start": 1587831082363,
    "end": 1587831082364,
    "duration": 1,
    "pid": 26420,
    "index": 32
  },
  {
    "name": "Load extend/response.js",
    "start": 1587831082365,
    "end": 1587831082367,
    "duration": 2,
    "pid": 26420,
    "index": 33
  },
  {
    "name": "Require(28) node_modules/egg/app/extend/response.js",
    "start": 1587831082366,
    "end": 1587831082366,
    "duration": 0,
    "pid": 26420,
    "index": 34
  },
  {
    "name": "Load extend/context.js",
    "start": 1587831082367,
    "end": 1587831082408,
    "duration": 41,
    "pid": 26420,
    "index": 35
  },
  {
    "name": "Require(29) node_modules/egg-security/app/extend/context.js",
    "start": 1587831082368,
    "end": 1587831082372,
    "duration": 4,
    "pid": 26420,
    "index": 36
  },
  {
    "name": "Require(30) node_modules/egg-jsonp/app/extend/context.js",
    "start": 1587831082372,
    "end": 1587831082373,
    "duration": 1,
    "pid": 26420,
    "index": 37
  },
  {
    "name": "Require(31) node_modules/egg-i18n/app/extend/context.js",
    "start": 1587831082373,
    "end": 1587831082373,
    "duration": 0,
    "pid": 26420,
    "index": 38
  },
  {
    "name": "Require(32) node_modules/egg-multipart/app/extend/context.js",
    "start": 1587831082373,
    "end": 1587831082404,
    "duration": 31,
    "pid": 26420,
    "index": 39
  },
  {
    "name": "Require(33) node_modules/egg-view/app/extend/context.js",
    "start": 1587831082405,
    "end": 1587831082405,
    "duration": 0,
    "pid": 26420,
    "index": 40
  },
  {
    "name": "Require(34) node_modules/egg/app/extend/context.js",
    "start": 1587831082406,
    "end": 1587831082407,
    "duration": 1,
    "pid": 26420,
    "index": 41
  },
  {
    "name": "Load extend/helper.js",
    "start": 1587831082408,
    "end": 1587831082422,
    "duration": 14,
    "pid": 26420,
    "index": 42
  },
  {
    "name": "Require(35) node_modules/egg-security/app/extend/helper.js",
    "start": 1587831082408,
    "end": 1587831082420,
    "duration": 12,
    "pid": 26420,
    "index": 43
  },
  {
    "name": "Require(36) node_modules/egg/app/extend/helper.js",
    "start": 1587831082421,
    "end": 1587831082421,
    "duration": 0,
    "pid": 26420,
    "index": 44
  },
  {
    "name": "Load app.js",
    "start": 1587831082422,
    "end": 1587831082450,
    "duration": 28,
    "pid": 26420,
    "index": 45
  },
  {
    "name": "Require(37) node_modules/egg-session/app.js",
    "start": 1587831082422,
    "end": 1587831082422,
    "duration": 0,
    "pid": 26420,
    "index": 46
  },
  {
    "name": "Require(38) node_modules/egg-security/app.js",
    "start": 1587831082423,
    "end": 1587831082423,
    "duration": 0,
    "pid": 26420,
    "index": 47
  },
  {
    "name": "Require(39) node_modules/egg-onerror/app.js",
    "start": 1587831082424,
    "end": 1587831082428,
    "duration": 4,
    "pid": 26420,
    "index": 48
  },
  {
    "name": "Require(40) node_modules/egg-i18n/app.js",
    "start": 1587831082428,
    "end": 1587831082435,
    "duration": 7,
    "pid": 26420,
    "index": 49
  },
  {
    "name": "Require(41) node_modules/egg-watcher/app.js",
    "start": 1587831082435,
    "end": 1587831082437,
    "duration": 2,
    "pid": 26420,
    "index": 50
  },
  {
    "name": "Require(42) node_modules/egg-schedule/app.js",
    "start": 1587831082437,
    "end": 1587831082438,
    "duration": 1,
    "pid": 26420,
    "index": 51
  },
  {
    "name": "Require(43) node_modules/egg-multipart/app.js",
    "start": 1587831082438,
    "end": 1587831082439,
    "duration": 1,
    "pid": 26420,
    "index": 52
  },
  {
    "name": "Require(44) node_modules/egg-development/app.js",
    "start": 1587831082439,
    "end": 1587831082439,
    "duration": 0,
    "pid": 26420,
    "index": 53
  },
  {
    "name": "Require(45) node_modules/egg-logrotator/app.js",
    "start": 1587831082439,
    "end": 1587831082439,
    "duration": 0,
    "pid": 26420,
    "index": 54
  },
  {
    "name": "Require(46) node_modules/egg-static/app.js",
    "start": 1587831082440,
    "end": 1587831082440,
    "duration": 0,
    "pid": 26420,
    "index": 55
  },
  {
    "name": "Require(47) node_modules/_egg-mysql@3.0.0@egg-mysql/app.js",
    "start": 1587831082440,
    "end": 1587831082449,
    "duration": 9,
    "pid": 26420,
    "index": 56
  },
  {
    "name": "Require(48) node_modules/_egg-view-ejs@2.0.1@egg-view-ejs/app.js",
    "start": 1587831082450,
    "end": 1587831082450,
    "duration": 0,
    "pid": 26420,
    "index": 57
  },
  {
    "name": "Before Start in node_modules/egg-watcher/lib/init.js:15:14",
    "start": 1587831082457,
    "end": 1587831082606,
    "duration": 149,
    "pid": 26420,
    "index": 58
  },
  {
    "name": "Before Start in node_modules/_egg-mysql@3.0.0@egg-mysql/lib/mysql.js:20:7",
    "start": 1587831082525,
    "end": 1587831082675,
    "duration": 150,
    "pid": 26420,
    "index": 59
  },
  {
    "name": "Load Service",
    "start": 1587831082528,
    "end": 1587831082532,
    "duration": 4,
    "pid": 26420,
    "index": 60
  },
  {
    "name": "Load \"service\" to Context",
    "start": 1587831082528,
    "end": 1587831082532,
    "duration": 4,
    "pid": 26420,
    "index": 61
  },
  {
    "name": "Load Middleware",
    "start": 1587831082532,
    "end": 1587831082574,
    "duration": 42,
    "pid": 26420,
    "index": 62
  },
  {
    "name": "Load \"middlewares\" to Application",
    "start": 1587831082532,
    "end": 1587831082568,
    "duration": 36,
    "pid": 26420,
    "index": 63
  },
  {
    "name": "Load Controller",
    "start": 1587831082574,
    "end": 1587831082590,
    "duration": 16,
    "pid": 26420,
    "index": 64
  },
  {
    "name": "Load \"controller\" to Application",
    "start": 1587831082574,
    "end": 1587831082590,
    "duration": 16,
    "pid": 26420,
    "index": 65
  },
  {
    "name": "Load Router",
    "start": 1587831082590,
    "end": 1587831082592,
    "duration": 2,
    "pid": 26420,
    "index": 66
  },
  {
    "name": "Require(49) app/router.js",
    "start": 1587831082590,
    "end": 1587831082590,
    "duration": 0,
    "pid": 26420,
    "index": 67
  },
  {
    "name": "Before Start in node_modules/egg-core/lib/egg.js:303:10",
    "start": 1587831082590,
    "end": 1587831082600,
    "duration": 10,
    "pid": 26420,
    "index": 68
  }
]