[
  {
    "name": "Application Start",
    "start": 1587830964261,
    "end": 1587830964743,
    "duration": 482,
    "pid": 26250,
    "index": 0
  },
  {
    "name": "Load Plugin",
    "start": 1587830964264,
    "end": 1587830964274,
    "duration": 10,
    "pid": 26250,
    "index": 1
  },
  {
    "name": "Load Config",
    "start": 1587830964274,
    "end": 1587830964291,
    "duration": 17,
    "pid": 26250,
    "index": 2
  },
  {
    "name": "Require(0) config/config.default.js",
    "start": 1587830964275,
    "end": 1587830964275,
    "duration": 0,
    "pid": 26250,
    "index": 3
  },
  {
    "name": "Require(1) node_modules/egg-session/config/config.default.js",
    "start": 1587830964276,
    "end": 1587830964276,
    "duration": 0,
    "pid": 26250,
    "index": 4
  },
  {
    "name": "Require(2) node_modules/egg-security/config/config.default.js",
    "start": 1587830964276,
    "end": 1587830964277,
    "duration": 1,
    "pid": 26250,
    "index": 5
  },
  {
    "name": "Require(3) node_modules/egg-jsonp/config/config.default.js",
    "start": 1587830964277,
    "end": 1587830964278,
    "duration": 1,
    "pid": 26250,
    "index": 6
  },
  {
    "name": "Require(4) node_modules/egg-onerror/config/config.default.js",
    "start": 1587830964278,
    "end": 1587830964279,
    "duration": 1,
    "pid": 26250,
    "index": 7
  },
  {
    "name": "Require(5) node_modules/egg-i18n/config/config.default.js",
    "start": 1587830964279,
    "end": 1587830964279,
    "duration": 0,
    "pid": 26250,
    "index": 8
  },
  {
    "name": "Require(6) node_modules/egg-watcher/config/config.default.js",
    "start": 1587830964280,
    "end": 1587830964280,
    "duration": 0,
    "pid": 26250,
    "index": 9
  },
  {
    "name": "Require(7) node_modules/egg-schedule/config/config.default.js",
    "start": 1587830964280,
    "end": 1587830964281,
    "duration": 1,
    "pid": 26250,
    "index": 10
  },
  {
    "name": "Require(8) node_modules/egg-multipart/config/config.default.js",
    "start": 1587830964281,
    "end": 1587830964282,
    "duration": 1,
    "pid": 26250,
    "index": 11
  },
  {
    "name": "Require(9) node_modules/egg-development/config/config.default.js",
    "start": 1587830964282,
    "end": 1587830964282,
    "duration": 0,
    "pid": 26250,
    "index": 12
  },
  {
    "name": "Require(10) node_modules/egg-logrotator/config/config.default.js",
    "start": 1587830964282,
    "end": 1587830964283,
    "duration": 1,
    "pid": 26250,
    "index": 13
  },
  {
    "name": "Require(11) node_modules/egg-static/config/config.default.js",
    "start": 1587830964283,
    "end": 1587830964284,
    "duration": 1,
    "pid": 26250,
    "index": 14
  },
  {
    "name": "Require(12) node_modules/egg-view/config/config.default.js",
    "start": 1587830964284,
    "end": 1587830964284,
    "duration": 0,
    "pid": 26250,
    "index": 15
  },
  {
    "name": "Require(13) node_modules/_egg-mysql@3.0.0@egg-mysql/config/config.default.js",
    "start": 1587830964285,
    "end": 1587830964285,
    "duration": 0,
    "pid": 26250,
    "index": 16
  },
  {
    "name": "Require(14) node_modules/_egg-view-ejs@2.0.1@egg-view-ejs/config/config.default.js",
    "start": 1587830964285,
    "end": 1587830964286,
    "duration": 1,
    "pid": 26250,
    "index": 17
  },
  {
    "name": "Require(15) node_modules/egg/config/config.default.js",
    "start": 1587830964286,
    "end": 1587830964287,
    "duration": 1,
    "pid": 26250,
    "index": 18
  },
  {
    "name": "Require(16) config/config.default.js",
    "start": 1587830964288,
    "end": 1587830964288,
    "duration": 0,
    "pid": 26250,
    "index": 19
  },
  {
    "name": "Require(17) node_modules/egg-security/config/config.local.js",
    "start": 1587830964288,
    "end": 1587830964288,
    "duration": 0,
    "pid": 26250,
    "index": 20
  },
  {
    "name": "Require(18) node_modules/egg-watcher/config/config.local.js",
    "start": 1587830964289,
    "end": 1587830964289,
    "duration": 0,
    "pid": 26250,
    "index": 21
  },
  {
    "name": "Require(19) node_modules/egg-view/config/config.local.js",
    "start": 1587830964289,
    "end": 1587830964290,
    "duration": 1,
    "pid": 26250,
    "index": 22
  },
  {
    "name": "Require(20) node_modules/_egg-view-ejs@2.0.1@egg-view-ejs/config/config.local.js",
    "start": 1587830964290,
    "end": 1587830964290,
    "duration": 0,
    "pid": 26250,
    "index": 23
  },
  {
    "name": "Require(21) node_modules/egg/config/config.local.js",
    "start": 1587830964290,
    "end": 1587830964291,
    "duration": 1,
    "pid": 26250,
    "index": 24
  },
  {
    "name": "Load extend/application.js",
    "start": 1587830964292,
    "end": 1587830964298,
    "duration": 6,
    "pid": 26250,
    "index": 25
  },
  {
    "name": "Require(22) node_modules/egg-session/app/extend/application.js",
    "start": 1587830964292,
    "end": 1587830964292,
    "duration": 0,
    "pid": 26250,
    "index": 26
  },
  {
    "name": "Require(23) node_modules/egg-security/app/extend/application.js",
    "start": 1587830964293,
    "end": 1587830964294,
    "duration": 1,
    "pid": 26250,
    "index": 27
  },
  {
    "name": "Require(24) node_modules/egg-jsonp/app/extend/application.js",
    "start": 1587830964294,
    "end": 1587830964295,
    "duration": 1,
    "pid": 26250,
    "index": 28
  },
  {
    "name": "Require(25) node_modules/egg-logrotator/app/extend/application.js",
    "start": 1587830964295,
    "end": 1587830964296,
    "duration": 1,
    "pid": 26250,
    "index": 29
  },
  {
    "name": "Require(26) node_modules/egg-view/app/extend/application.js",
    "start": 1587830964296,
    "end": 1587830964297,
    "duration": 1,
    "pid": 26250,
    "index": 30
  },
  {
    "name": "Load extend/request.js",
    "start": 1587830964298,
    "end": 1587830964300,
    "duration": 2,
    "pid": 26250,
    "index": 31
  },
  {
    "name": "Require(27) node_modules/egg/app/extend/request.js",
    "start": 1587830964299,
    "end": 1587830964300,
    "duration": 1,
    "pid": 26250,
    "index": 32
  },
  {
    "name": "Load extend/response.js",
    "start": 1587830964300,
    "end": 1587830964303,
    "duration": 3,
    "pid": 26250,
    "index": 33
  },
  {
    "name": "Require(28) node_modules/egg/app/extend/response.js",
    "start": 1587830964301,
    "end": 1587830964303,
    "duration": 2,
    "pid": 26250,
    "index": 34
  },
  {
    "name": "Load extend/context.js",
    "start": 1587830964303,
    "end": 1587830964349,
    "duration": 46,
    "pid": 26250,
    "index": 35
  },
  {
    "name": "Require(29) node_modules/egg-security/app/extend/context.js",
    "start": 1587830964303,
    "end": 1587830964311,
    "duration": 8,
    "pid": 26250,
    "index": 36
  },
  {
    "name": "Require(30) node_modules/egg-jsonp/app/extend/context.js",
    "start": 1587830964311,
    "end": 1587830964312,
    "duration": 1,
    "pid": 26250,
    "index": 37
  },
  {
    "name": "Require(31) node_modules/egg-i18n/app/extend/context.js",
    "start": 1587830964312,
    "end": 1587830964313,
    "duration": 1,
    "pid": 26250,
    "index": 38
  },
  {
    "name": "Require(32) node_modules/egg-multipart/app/extend/context.js",
    "start": 1587830964313,
    "end": 1587830964345,
    "duration": 32,
    "pid": 26250,
    "index": 39
  },
  {
    "name": "Require(33) node_modules/egg-view/app/extend/context.js",
    "start": 1587830964345,
    "end": 1587830964346,
    "duration": 1,
    "pid": 26250,
    "index": 40
  },
  {
    "name": "Require(34) node_modules/egg/app/extend/context.js",
    "start": 1587830964347,
    "end": 1587830964348,
    "duration": 1,
    "pid": 26250,
    "index": 41
  },
  {
    "name": "Load extend/helper.js",
    "start": 1587830964349,
    "end": 1587830964387,
    "duration": 38,
    "pid": 26250,
    "index": 42
  },
  {
    "name": "Require(35) node_modules/egg-security/app/extend/helper.js",
    "start": 1587830964349,
    "end": 1587830964385,
    "duration": 36,
    "pid": 26250,
    "index": 43
  },
  {
    "name": "Require(36) node_modules/egg/app/extend/helper.js",
    "start": 1587830964385,
    "end": 1587830964386,
    "duration": 1,
    "pid": 26250,
    "index": 44
  },
  {
    "name": "Load app.js",
    "start": 1587830964387,
    "end": 1587830964444,
    "duration": 57,
    "pid": 26250,
    "index": 45
  },
  {
    "name": "Require(37) node_modules/egg-session/app.js",
    "start": 1587830964387,
    "end": 1587830964388,
    "duration": 1,
    "pid": 26250,
    "index": 46
  },
  {
    "name": "Require(38) node_modules/egg-security/app.js",
    "start": 1587830964388,
    "end": 1587830964389,
    "duration": 1,
    "pid": 26250,
    "index": 47
  },
  {
    "name": "Require(39) node_modules/egg-onerror/app.js",
    "start": 1587830964394,
    "end": 1587830964405,
    "duration": 11,
    "pid": 26250,
    "index": 48
  },
  {
    "name": "Require(40) node_modules/egg-i18n/app.js",
    "start": 1587830964405,
    "end": 1587830964416,
    "duration": 11,
    "pid": 26250,
    "index": 49
  },
  {
    "name": "Require(41) node_modules/egg-watcher/app.js",
    "start": 1587830964417,
    "end": 1587830964420,
    "duration": 3,
    "pid": 26250,
    "index": 50
  },
  {
    "name": "Require(42) node_modules/egg-schedule/app.js",
    "start": 1587830964420,
    "end": 1587830964421,
    "duration": 1,
    "pid": 26250,
    "index": 51
  },
  {
    "name": "Require(43) node_modules/egg-multipart/app.js",
    "start": 1587830964422,
    "end": 1587830964424,
    "duration": 2,
    "pid": 26250,
    "index": 52
  },
  {
    "name": "Require(44) node_modules/egg-development/app.js",
    "start": 1587830964424,
    "end": 1587830964425,
    "duration": 1,
    "pid": 26250,
    "index": 53
  },
  {
    "name": "Require(45) node_modules/egg-logrotator/app.js",
    "start": 1587830964425,
    "end": 1587830964425,
    "duration": 0,
    "pid": 26250,
    "index": 54
  },
  {
    "name": "Require(46) node_modules/egg-static/app.js",
    "start": 1587830964426,
    "end": 1587830964426,
    "duration": 0,
    "pid": 26250,
    "index": 55
  },
  {
    "name": "Require(47) node_modules/_egg-mysql@3.0.0@egg-mysql/app.js",
    "start": 1587830964426,
    "end": 1587830964443,
    "duration": 17,
    "pid": 26250,
    "index": 56
  },
  {
    "name": "Require(48) node_modules/_egg-view-ejs@2.0.1@egg-view-ejs/app.js",
    "start": 1587830964443,
    "end": 1587830964444,
    "duration": 1,
    "pid": 26250,
    "index": 57
  },
  {
    "name": "Before Start in node_modules/egg-watcher/lib/init.js:15:14",
    "start": 1587830964451,
    "end": 1587830964653,
    "duration": 202,
    "pid": 26250,
    "index": 58
  },
  {
    "name": "Before Start in node_modules/_egg-mysql@3.0.0@egg-mysql/lib/mysql.js:20:7",
    "start": 1587830964540,
    "end": 1587830964742,
    "duration": 202,
    "pid": 26250,
    "index": 59
  },
  {
    "name": "Load Service",
    "start": 1587830964544,
    "end": 1587830964549,
    "duration": 5,
    "pid": 26250,
    "index": 60
  },
  {
    "name": "Load \"service\" to Context",
    "start": 1587830964544,
    "end": 1587830964549,
    "duration": 5,
    "pid": 26250,
    "index": 61
  },
  {
    "name": "Load Middleware",
    "start": 1587830964549,
    "end": 1587830964614,
    "duration": 65,
    "pid": 26250,
    "index": 62
  },
  {
    "name": "Load \"middlewares\" to Application",
    "start": 1587830964549,
    "end": 1587830964608,
    "duration": 59,
    "pid": 26250,
    "index": 63
  },
  {
    "name": "Load Controller",
    "start": 1587830964615,
    "end": 1587830964636,
    "duration": 21,
    "pid": 26250,
    "index": 64
  },
  {
    "name": "Load \"controller\" to Application",
    "start": 1587830964615,
    "end": 1587830964636,
    "duration": 21,
    "pid": 26250,
    "index": 65
  },
  {
    "name": "Load Router",
    "start": 1587830964636,
    "end": 1587830964638,
    "duration": 2,
    "pid": 26250,
    "index": 66
  },
  {
    "name": "Require(49) app/router.js",
    "start": 1587830964636,
    "end": 1587830964637,
    "duration": 1,
    "pid": 26250,
    "index": 67
  },
  {
    "name": "Before Start in node_modules/egg-core/lib/egg.js:303:10",
    "start": 1587830964637,
    "end": 1587830964647,
    "duration": 10,
    "pid": 26250,
    "index": 68
  }
]