[
  {
    "name": "Application Start",
    "start": 1587831062990,
    "end": 1587831063469,
    "duration": 479,
    "pid": 26368,
    "index": 0
  },
  {
    "name": "Load Plugin",
    "start": 1587831062993,
    "end": 1587831063006,
    "duration": 13,
    "pid": 26368,
    "index": 1
  },
  {
    "name": "Load Config",
    "start": 1587831063007,
    "end": 1587831063028,
    "duration": 21,
    "pid": 26368,
    "index": 2
  },
  {
    "name": "Require(0) config/config.default.js",
    "start": 1587831063007,
    "end": 1587831063008,
    "duration": 1,
    "pid": 26368,
    "index": 3
  },
  {
    "name": "Require(1) node_modules/egg-session/config/config.default.js",
    "start": 1587831063009,
    "end": 1587831063009,
    "duration": 0,
    "pid": 26368,
    "index": 4
  },
  {
    "name": "Require(2) node_modules/egg-security/config/config.default.js",
    "start": 1587831063009,
    "end": 1587831063010,
    "duration": 1,
    "pid": 26368,
    "index": 5
  },
  {
    "name": "Require(3) node_modules/egg-jsonp/config/config.default.js",
    "start": 1587831063011,
    "end": 1587831063011,
    "duration": 0,
    "pid": 26368,
    "index": 6
  },
  {
    "name": "Require(4) node_modules/egg-onerror/config/config.default.js",
    "start": 1587831063012,
    "end": 1587831063012,
    "duration": 0,
    "pid": 26368,
    "index": 7
  },
  {
    "name": "Require(5) node_modules/egg-i18n/config/config.default.js",
    "start": 1587831063012,
    "end": 1587831063013,
    "duration": 1,
    "pid": 26368,
    "index": 8
  },
  {
    "name": "Require(6) node_modules/egg-watcher/config/config.default.js",
    "start": 1587831063013,
    "end": 1587831063014,
    "duration": 1,
    "pid": 26368,
    "index": 9
  },
  {
    "name": "Require(7) node_modules/egg-schedule/config/config.default.js",
    "start": 1587831063014,
    "end": 1587831063015,
    "duration": 1,
    "pid": 26368,
    "index": 10
  },
  {
    "name": "Require(8) node_modules/egg-multipart/config/config.default.js",
    "start": 1587831063015,
    "end": 1587831063016,
    "duration": 1,
    "pid": 26368,
    "index": 11
  },
  {
    "name": "Require(9) node_modules/egg-development/config/config.default.js",
    "start": 1587831063016,
    "end": 1587831063017,
    "duration": 1,
    "pid": 26368,
    "index": 12
  },
  {
    "name": "Require(10) node_modules/egg-logrotator/config/config.default.js",
    "start": 1587831063017,
    "end": 1587831063017,
    "duration": 0,
    "pid": 26368,
    "index": 13
  },
  {
    "name": "Require(11) node_modules/egg-static/config/config.default.js",
    "start": 1587831063018,
    "end": 1587831063018,
    "duration": 0,
    "pid": 26368,
    "index": 14
  },
  {
    "name": "Require(12) node_modules/egg-view/config/config.default.js",
    "start": 1587831063019,
    "end": 1587831063019,
    "duration": 0,
    "pid": 26368,
    "index": 15
  },
  {
    "name": "Require(13) node_modules/_egg-mysql@3.0.0@egg-mysql/config/config.default.js",
    "start": 1587831063020,
    "end": 1587831063020,
    "duration": 0,
    "pid": 26368,
    "index": 16
  },
  {
    "name": "Require(14) node_modules/_egg-view-ejs@2.0.1@egg-view-ejs/config/config.default.js",
    "start": 1587831063021,
    "end": 1587831063021,
    "duration": 0,
    "pid": 26368,
    "index": 17
  },
  {
    "name": "Require(15) node_modules/egg/config/config.default.js",
    "start": 1587831063021,
    "end": 1587831063022,
    "duration": 1,
    "pid": 26368,
    "index": 18
  },
  {
    "name": "Require(16) config/config.default.js",
    "start": 1587831063024,
    "end": 1587831063024,
    "duration": 0,
    "pid": 26368,
    "index": 19
  },
  {
    "name": "Require(17) node_modules/egg-security/config/config.local.js",
    "start": 1587831063024,
    "end": 1587831063025,
    "duration": 1,
    "pid": 26368,
    "index": 20
  },
  {
    "name": "Require(18) node_modules/egg-watcher/config/config.local.js",
    "start": 1587831063025,
    "end": 1587831063026,
    "duration": 1,
    "pid": 26368,
    "index": 21
  },
  {
    "name": "Require(19) node_modules/egg-view/config/config.local.js",
    "start": 1587831063026,
    "end": 1587831063027,
    "duration": 1,
    "pid": 26368,
    "index": 22
  },
  {
    "name": "Require(20) node_modules/_egg-view-ejs@2.0.1@egg-view-ejs/config/config.local.js",
    "start": 1587831063027,
    "end": 1587831063027,
    "duration": 0,
    "pid": 26368,
    "index": 23
  },
  {
    "name": "Require(21) node_modules/egg/config/config.local.js",
    "start": 1587831063027,
    "end": 1587831063028,
    "duration": 1,
    "pid": 26368,
    "index": 24
  },
  {
    "name": "Load extend/application.js",
    "start": 1587831063029,
    "end": 1587831063038,
    "duration": 9,
    "pid": 26368,
    "index": 25
  },
  {
    "name": "Require(22) node_modules/egg-session/app/extend/application.js",
    "start": 1587831063030,
    "end": 1587831063030,
    "duration": 0,
    "pid": 26368,
    "index": 26
  },
  {
    "name": "Require(23) node_modules/egg-security/app/extend/application.js",
    "start": 1587831063031,
    "end": 1587831063032,
    "duration": 1,
    "pid": 26368,
    "index": 27
  },
  {
    "name": "Require(24) node_modules/egg-jsonp/app/extend/application.js",
    "start": 1587831063032,
    "end": 1587831063033,
    "duration": 1,
    "pid": 26368,
    "index": 28
  },
  {
    "name": "Require(25) node_modules/egg-logrotator/app/extend/application.js",
    "start": 1587831063034,
    "end": 1587831063035,
    "duration": 1,
    "pid": 26368,
    "index": 29
  },
  {
    "name": "Require(26) node_modules/egg-view/app/extend/application.js",
    "start": 1587831063035,
    "end": 1587831063037,
    "duration": 2,
    "pid": 26368,
    "index": 30
  },
  {
    "name": "Load extend/request.js",
    "start": 1587831063038,
    "end": 1587831063041,
    "duration": 3,
    "pid": 26368,
    "index": 31
  },
  {
    "name": "Require(27) node_modules/egg/app/extend/request.js",
    "start": 1587831063039,
    "end": 1587831063040,
    "duration": 1,
    "pid": 26368,
    "index": 32
  },
  {
    "name": "Load extend/response.js",
    "start": 1587831063041,
    "end": 1587831063046,
    "duration": 5,
    "pid": 26368,
    "index": 33
  },
  {
    "name": "Require(28) node_modules/egg/app/extend/response.js",
    "start": 1587831063042,
    "end": 1587831063045,
    "duration": 3,
    "pid": 26368,
    "index": 34
  },
  {
    "name": "Load extend/context.js",
    "start": 1587831063046,
    "end": 1587831063104,
    "duration": 58,
    "pid": 26368,
    "index": 35
  },
  {
    "name": "Require(29) node_modules/egg-security/app/extend/context.js",
    "start": 1587831063046,
    "end": 1587831063055,
    "duration": 9,
    "pid": 26368,
    "index": 36
  },
  {
    "name": "Require(30) node_modules/egg-jsonp/app/extend/context.js",
    "start": 1587831063055,
    "end": 1587831063057,
    "duration": 2,
    "pid": 26368,
    "index": 37
  },
  {
    "name": "Require(31) node_modules/egg-i18n/app/extend/context.js",
    "start": 1587831063057,
    "end": 1587831063057,
    "duration": 0,
    "pid": 26368,
    "index": 38
  },
  {
    "name": "Require(32) node_modules/egg-multipart/app/extend/context.js",
    "start": 1587831063058,
    "end": 1587831063100,
    "duration": 42,
    "pid": 26368,
    "index": 39
  },
  {
    "name": "Require(33) node_modules/egg-view/app/extend/context.js",
    "start": 1587831063100,
    "end": 1587831063101,
    "duration": 1,
    "pid": 26368,
    "index": 40
  },
  {
    "name": "Require(34) node_modules/egg/app/extend/context.js",
    "start": 1587831063102,
    "end": 1587831063103,
    "duration": 1,
    "pid": 26368,
    "index": 41
  },
  {
    "name": "Load extend/helper.js",
    "start": 1587831063104,
    "end": 1587831063128,
    "duration": 24,
    "pid": 26368,
    "index": 42
  },
  {
    "name": "Require(35) node_modules/egg-security/app/extend/helper.js",
    "start": 1587831063105,
    "end": 1587831063125,
    "duration": 20,
    "pid": 26368,
    "index": 43
  },
  {
    "name": "Require(36) node_modules/egg/app/extend/helper.js",
    "start": 1587831063126,
    "end": 1587831063127,
    "duration": 1,
    "pid": 26368,
    "index": 44
  },
  {
    "name": "Load app.js",
    "start": 1587831063128,
    "end": 1587831063186,
    "duration": 58,
    "pid": 26368,
    "index": 45
  },
  {
    "name": "Require(37) node_modules/egg-session/app.js",
    "start": 1587831063128,
    "end": 1587831063129,
    "duration": 1,
    "pid": 26368,
    "index": 46
  },
  {
    "name": "Require(38) node_modules/egg-security/app.js",
    "start": 1587831063129,
    "end": 1587831063130,
    "duration": 1,
    "pid": 26368,
    "index": 47
  },
  {
    "name": "Require(39) node_modules/egg-onerror/app.js",
    "start": 1587831063131,
    "end": 1587831063140,
    "duration": 9,
    "pid": 26368,
    "index": 48
  },
  {
    "name": "Require(40) node_modules/egg-i18n/app.js",
    "start": 1587831063140,
    "end": 1587831063157,
    "duration": 17,
    "pid": 26368,
    "index": 49
  },
  {
    "name": "Require(41) node_modules/egg-watcher/app.js",
    "start": 1587831063157,
    "end": 1587831063160,
    "duration": 3,
    "pid": 26368,
    "index": 50
  },
  {
    "name": "Require(42) node_modules/egg-schedule/app.js",
    "start": 1587831063161,
    "end": 1587831063162,
    "duration": 1,
    "pid": 26368,
    "index": 51
  },
  {
    "name": "Require(43) node_modules/egg-multipart/app.js",
    "start": 1587831063162,
    "end": 1587831063165,
    "duration": 3,
    "pid": 26368,
    "index": 52
  },
  {
    "name": "Require(44) node_modules/egg-development/app.js",
    "start": 1587831063165,
    "end": 1587831063166,
    "duration": 1,
    "pid": 26368,
    "index": 53
  },
  {
    "name": "Require(45) node_modules/egg-logrotator/app.js",
    "start": 1587831063166,
    "end": 1587831063166,
    "duration": 0,
    "pid": 26368,
    "index": 54
  },
  {
    "name": "Require(46) node_modules/egg-static/app.js",
    "start": 1587831063166,
    "end": 1587831063167,
    "duration": 1,
    "pid": 26368,
    "index": 55
  },
  {
    "name": "Require(47) node_modules/_egg-mysql@3.0.0@egg-mysql/app.js",
    "start": 1587831063167,
    "end": 1587831063185,
    "duration": 18,
    "pid": 26368,
    "index": 56
  },
  {
    "name": "Require(48) node_modules/_egg-view-ejs@2.0.1@egg-view-ejs/app.js",
    "start": 1587831063185,
    "end": 1587831063185,
    "duration": 0,
    "pid": 26368,
    "index": 57
  },
  {
    "name": "Before Start in node_modules/egg-watcher/lib/init.js:15:14",
    "start": 1587831063193,
    "end": 1587831063403,
    "duration": 210,
    "pid": 26368,
    "index": 58
  },
  {
    "name": "Before Start in node_modules/_egg-mysql@3.0.0@egg-mysql/lib/mysql.js:20:7",
    "start": 1587831063297,
    "end": 1587831063468,
    "duration": 171,
    "pid": 26368,
    "index": 59
  },
  {
    "name": "Load Service",
    "start": 1587831063301,
    "end": 1587831063306,
    "duration": 5,
    "pid": 26368,
    "index": 60
  },
  {
    "name": "Load \"service\" to Context",
    "start": 1587831063301,
    "end": 1587831063306,
    "duration": 5,
    "pid": 26368,
    "index": 61
  },
  {
    "name": "Load Middleware",
    "start": 1587831063306,
    "end": 1587831063367,
    "duration": 61,
    "pid": 26368,
    "index": 62
  },
  {
    "name": "Load \"middlewares\" to Application",
    "start": 1587831063306,
    "end": 1587831063361,
    "duration": 55,
    "pid": 26368,
    "index": 63
  },
  {
    "name": "Load Controller",
    "start": 1587831063367,
    "end": 1587831063389,
    "duration": 22,
    "pid": 26368,
    "index": 64
  },
  {
    "name": "Load \"controller\" to Application",
    "start": 1587831063367,
    "end": 1587831063389,
    "duration": 22,
    "pid": 26368,
    "index": 65
  },
  {
    "name": "Load Router",
    "start": 1587831063389,
    "end": 1587831063390,
    "duration": 1,
    "pid": 26368,
    "index": 66
  },
  {
    "name": "Require(49) app/router.js",
    "start": 1587831063389,
    "end": 1587831063389,
    "duration": 0,
    "pid": 26368,
    "index": 67
  },
  {
    "name": "Before Start in node_modules/egg-core/lib/egg.js:303:10",
    "start": 1587831063389,
    "end": 1587831063398,
    "duration": 9,
    "pid": 26368,
    "index": 68
  }
]