[
  {
    "name": "Application Start",
    "start": 1587830340649,
    "end": 1587830341079,
    "duration": 430,
    "pid": 25828,
    "index": 0
  },
  {
    "name": "Load Plugin",
    "start": 1587830340653,
    "end": 1587830340664,
    "duration": 11,
    "pid": 25828,
    "index": 1
  },
  {
    "name": "Load Config",
    "start": 1587830340664,
    "end": 1587830340683,
    "duration": 19,
    "pid": 25828,
    "index": 2
  },
  {
    "name": "Require(0) config/config.default.js",
    "start": 1587830340665,
    "end": 1587830340665,
    "duration": 0,
    "pid": 25828,
    "index": 3
  },
  {
    "name": "Require(1) node_modules/egg-session/config/config.default.js",
    "start": 1587830340666,
    "end": 1587830340666,
    "duration": 0,
    "pid": 25828,
    "index": 4
  },
  {
    "name": "Require(2) node_modules/egg-security/config/config.default.js",
    "start": 1587830340667,
    "end": 1587830340667,
    "duration": 0,
    "pid": 25828,
    "index": 5
  },
  {
    "name": "Require(3) node_modules/egg-jsonp/config/config.default.js",
    "start": 1587830340668,
    "end": 1587830340668,
    "duration": 0,
    "pid": 25828,
    "index": 6
  },
  {
    "name": "Require(4) node_modules/egg-onerror/config/config.default.js",
    "start": 1587830340669,
    "end": 1587830340669,
    "duration": 0,
    "pid": 25828,
    "index": 7
  },
  {
    "name": "Require(5) node_modules/egg-i18n/config/config.default.js",
    "start": 1587830340669,
    "end": 1587830340670,
    "duration": 1,
    "pid": 25828,
    "index": 8
  },
  {
    "name": "Require(6) node_modules/egg-watcher/config/config.default.js",
    "start": 1587830340670,
    "end": 1587830340671,
    "duration": 1,
    "pid": 25828,
    "index": 9
  },
  {
    "name": "Require(7) node_modules/egg-schedule/config/config.default.js",
    "start": 1587830340671,
    "end": 1587830340671,
    "duration": 0,
    "pid": 25828,
    "index": 10
  },
  {
    "name": "Require(8) node_modules/egg-multipart/config/config.default.js",
    "start": 1587830340672,
    "end": 1587830340672,
    "duration": 0,
    "pid": 25828,
    "index": 11
  },
  {
    "name": "Require(9) node_modules/egg-development/config/config.default.js",
    "start": 1587830340673,
    "end": 1587830340673,
    "duration": 0,
    "pid": 25828,
    "index": 12
  },
  {
    "name": "Require(10) node_modules/egg-logrotator/config/config.default.js",
    "start": 1587830340673,
    "end": 1587830340674,
    "duration": 1,
    "pid": 25828,
    "index": 13
  },
  {
    "name": "Require(11) node_modules/egg-static/config/config.default.js",
    "start": 1587830340674,
    "end": 1587830340675,
    "duration": 1,
    "pid": 25828,
    "index": 14
  },
  {
    "name": "Require(12) node_modules/egg-view/config/config.default.js",
    "start": 1587830340675,
    "end": 1587830340675,
    "duration": 0,
    "pid": 25828,
    "index": 15
  },
  {
    "name": "Require(13) node_modules/_egg-mysql@3.0.0@egg-mysql/config/config.default.js",
    "start": 1587830340676,
    "end": 1587830340676,
    "duration": 0,
    "pid": 25828,
    "index": 16
  },
  {
    "name": "Require(14) node_modules/_egg-view-ejs@2.0.1@egg-view-ejs/config/config.default.js",
    "start": 1587830340676,
    "end": 1587830340677,
    "duration": 1,
    "pid": 25828,
    "index": 17
  },
  {
    "name": "Require(15) node_modules/egg/config/config.default.js",
    "start": 1587830340677,
    "end": 1587830340678,
    "duration": 1,
    "pid": 25828,
    "index": 18
  },
  {
    "name": "Require(16) config/config.default.js",
    "start": 1587830340679,
    "end": 1587830340679,
    "duration": 0,
    "pid": 25828,
    "index": 19
  },
  {
    "name": "Require(17) node_modules/egg-security/config/config.local.js",
    "start": 1587830340679,
    "end": 1587830340680,
    "duration": 1,
    "pid": 25828,
    "index": 20
  },
  {
    "name": "Require(18) node_modules/egg-watcher/config/config.local.js",
    "start": 1587830340680,
    "end": 1587830340681,
    "duration": 1,
    "pid": 25828,
    "index": 21
  },
  {
    "name": "Require(19) node_modules/egg-view/config/config.local.js",
    "start": 1587830340681,
    "end": 1587830340681,
    "duration": 0,
    "pid": 25828,
    "index": 22
  },
  {
    "name": "Require(20) node_modules/_egg-view-ejs@2.0.1@egg-view-ejs/config/config.local.js",
    "start": 1587830340682,
    "end": 1587830340682,
    "duration": 0,
    "pid": 25828,
    "index": 23
  },
  {
    "name": "Require(21) node_modules/egg/config/config.local.js",
    "start": 1587830340682,
    "end": 1587830340683,
    "duration": 1,
    "pid": 25828,
    "index": 24
  },
  {
    "name": "Load extend/application.js",
    "start": 1587830340683,
    "end": 1587830340691,
    "duration": 8,
    "pid": 25828,
    "index": 25
  },
  {
    "name": "Require(22) node_modules/egg-session/app/extend/application.js",
    "start": 1587830340684,
    "end": 1587830340684,
    "duration": 0,
    "pid": 25828,
    "index": 26
  },
  {
    "name": "Require(23) node_modules/egg-security/app/extend/application.js",
    "start": 1587830340684,
    "end": 1587830340685,
    "duration": 1,
    "pid": 25828,
    "index": 27
  },
  {
    "name": "Require(24) node_modules/egg-jsonp/app/extend/application.js",
    "start": 1587830340686,
    "end": 1587830340687,
    "duration": 1,
    "pid": 25828,
    "index": 28
  },
  {
    "name": "Require(25) node_modules/egg-logrotator/app/extend/application.js",
    "start": 1587830340687,
    "end": 1587830340688,
    "duration": 1,
    "pid": 25828,
    "index": 29
  },
  {
    "name": "Require(26) node_modules/egg-view/app/extend/application.js",
    "start": 1587830340689,
    "end": 1587830340690,
    "duration": 1,
    "pid": 25828,
    "index": 30
  },
  {
    "name": "Load extend/request.js",
    "start": 1587830340691,
    "end": 1587830340693,
    "duration": 2,
    "pid": 25828,
    "index": 31
  },
  {
    "name": "Require(27) node_modules/egg/app/extend/request.js",
    "start": 1587830340691,
    "end": 1587830340692,
    "duration": 1,
    "pid": 25828,
    "index": 32
  },
  {
    "name": "Load extend/response.js",
    "start": 1587830340693,
    "end": 1587830340696,
    "duration": 3,
    "pid": 25828,
    "index": 33
  },
  {
    "name": "Require(28) node_modules/egg/app/extend/response.js",
    "start": 1587830340693,
    "end": 1587830340695,
    "duration": 2,
    "pid": 25828,
    "index": 34
  },
  {
    "name": "Load extend/context.js",
    "start": 1587830340696,
    "end": 1587830340745,
    "duration": 49,
    "pid": 25828,
    "index": 35
  },
  {
    "name": "Require(29) node_modules/egg-security/app/extend/context.js",
    "start": 1587830340696,
    "end": 1587830340703,
    "duration": 7,
    "pid": 25828,
    "index": 36
  },
  {
    "name": "Require(30) node_modules/egg-jsonp/app/extend/context.js",
    "start": 1587830340703,
    "end": 1587830340705,
    "duration": 2,
    "pid": 25828,
    "index": 37
  },
  {
    "name": "Require(31) node_modules/egg-i18n/app/extend/context.js",
    "start": 1587830340705,
    "end": 1587830340705,
    "duration": 0,
    "pid": 25828,
    "index": 38
  },
  {
    "name": "Require(32) node_modules/egg-multipart/app/extend/context.js",
    "start": 1587830340705,
    "end": 1587830340740,
    "duration": 35,
    "pid": 25828,
    "index": 39
  },
  {
    "name": "Require(33) node_modules/egg-view/app/extend/context.js",
    "start": 1587830340740,
    "end": 1587830340742,
    "duration": 2,
    "pid": 25828,
    "index": 40
  },
  {
    "name": "Require(34) node_modules/egg/app/extend/context.js",
    "start": 1587830340742,
    "end": 1587830340744,
    "duration": 2,
    "pid": 25828,
    "index": 41
  },
  {
    "name": "Load extend/helper.js",
    "start": 1587830340745,
    "end": 1587830340766,
    "duration": 21,
    "pid": 25828,
    "index": 42
  },
  {
    "name": "Require(35) node_modules/egg-security/app/extend/helper.js",
    "start": 1587830340745,
    "end": 1587830340764,
    "duration": 19,
    "pid": 25828,
    "index": 43
  },
  {
    "name": "Require(36) node_modules/egg/app/extend/helper.js",
    "start": 1587830340765,
    "end": 1587830340765,
    "duration": 0,
    "pid": 25828,
    "index": 44
  },
  {
    "name": "Load app.js",
    "start": 1587830340767,
    "end": 1587830340825,
    "duration": 58,
    "pid": 25828,
    "index": 45
  },
  {
    "name": "Require(37) node_modules/egg-session/app.js",
    "start": 1587830340767,
    "end": 1587830340767,
    "duration": 0,
    "pid": 25828,
    "index": 46
  },
  {
    "name": "Require(38) node_modules/egg-security/app.js",
    "start": 1587830340767,
    "end": 1587830340769,
    "duration": 2,
    "pid": 25828,
    "index": 47
  },
  {
    "name": "Require(39) node_modules/egg-onerror/app.js",
    "start": 1587830340769,
    "end": 1587830340783,
    "duration": 14,
    "pid": 25828,
    "index": 48
  },
  {
    "name": "Require(40) node_modules/egg-i18n/app.js",
    "start": 1587830340783,
    "end": 1587830340797,
    "duration": 14,
    "pid": 25828,
    "index": 49
  },
  {
    "name": "Require(41) node_modules/egg-watcher/app.js",
    "start": 1587830340798,
    "end": 1587830340801,
    "duration": 3,
    "pid": 25828,
    "index": 50
  },
  {
    "name": "Require(42) node_modules/egg-schedule/app.js",
    "start": 1587830340801,
    "end": 1587830340802,
    "duration": 1,
    "pid": 25828,
    "index": 51
  },
  {
    "name": "Require(43) node_modules/egg-multipart/app.js",
    "start": 1587830340802,
    "end": 1587830340806,
    "duration": 4,
    "pid": 25828,
    "index": 52
  },
  {
    "name": "Require(44) node_modules/egg-development/app.js",
    "start": 1587830340806,
    "end": 1587830340806,
    "duration": 0,
    "pid": 25828,
    "index": 53
  },
  {
    "name": "Require(45) node_modules/egg-logrotator/app.js",
    "start": 1587830340806,
    "end": 1587830340807,
    "duration": 1,
    "pid": 25828,
    "index": 54
  },
  {
    "name": "Require(46) node_modules/egg-static/app.js",
    "start": 1587830340807,
    "end": 1587830340807,
    "duration": 0,
    "pid": 25828,
    "index": 55
  },
  {
    "name": "Require(47) node_modules/_egg-mysql@3.0.0@egg-mysql/app.js",
    "start": 1587830340808,
    "end": 1587830340824,
    "duration": 16,
    "pid": 25828,
    "index": 56
  },
  {
    "name": "Require(48) node_modules/_egg-view-ejs@2.0.1@egg-view-ejs/app.js",
    "start": 1587830340824,
    "end": 1587830340825,
    "duration": 1,
    "pid": 25828,
    "index": 57
  },
  {
    "name": "Before Start in node_modules/egg-watcher/lib/init.js:15:14",
    "start": 1587830340831,
    "end": 1587830341025,
    "duration": 194,
    "pid": 25828,
    "index": 58
  },
  {
    "name": "Before Start in node_modules/_egg-mysql@3.0.0@egg-mysql/lib/mysql.js:20:7",
    "start": 1587830340917,
    "end": 1587830341079,
    "duration": 162,
    "pid": 25828,
    "index": 59
  },
  {
    "name": "Load Service",
    "start": 1587830340921,
    "end": 1587830340925,
    "duration": 4,
    "pid": 25828,
    "index": 60
  },
  {
    "name": "Load \"service\" to Context",
    "start": 1587830340921,
    "end": 1587830340925,
    "duration": 4,
    "pid": 25828,
    "index": 61
  },
  {
    "name": "Load Middleware",
    "start": 1587830340925,
    "end": 1587830340991,
    "duration": 66,
    "pid": 25828,
    "index": 62
  },
  {
    "name": "Load \"middlewares\" to Application",
    "start": 1587830340926,
    "end": 1587830340985,
    "duration": 59,
    "pid": 25828,
    "index": 63
  },
  {
    "name": "Load Controller",
    "start": 1587830340991,
    "end": 1587830341012,
    "duration": 21,
    "pid": 25828,
    "index": 64
  },
  {
    "name": "Load \"controller\" to Application",
    "start": 1587830340991,
    "end": 1587830341012,
    "duration": 21,
    "pid": 25828,
    "index": 65
  },
  {
    "name": "Load Router",
    "start": 1587830341012,
    "end": 1587830341013,
    "duration": 1,
    "pid": 25828,
    "index": 66
  },
  {
    "name": "Require(49) app/router.js",
    "start": 1587830341012,
    "end": 1587830341012,
    "duration": 0,
    "pid": 25828,
    "index": 67
  },
  {
    "name": "Before Start in node_modules/egg-core/lib/egg.js:303:10",
    "start": 1587830341012,
    "end": 1587830341020,
    "duration": 8,
    "pid": 25828,
    "index": 68
  }
]