[
  {
    "name": "Application Start",
    "start": 1587830099642,
    "end": 1587830100096,
    "duration": 454,
    "pid": 25612,
    "index": 0
  },
  {
    "name": "Load Plugin",
    "start": 1587830099645,
    "end": 1587830099652,
    "duration": 7,
    "pid": 25612,
    "index": 1
  },
  {
    "name": "Load Config",
    "start": 1587830099653,
    "end": 1587830099666,
    "duration": 13,
    "pid": 25612,
    "index": 2
  },
  {
    "name": "Require(0) config/config.default.js",
    "start": 1587830099653,
    "end": 1587830099653,
    "duration": 0,
    "pid": 25612,
    "index": 3
  },
  {
    "name": "Require(1) node_modules/egg-session/config/config.default.js",
    "start": 1587830099654,
    "end": 1587830099654,
    "duration": 0,
    "pid": 25612,
    "index": 4
  },
  {
    "name": "Require(2) node_modules/egg-security/config/config.default.js",
    "start": 1587830099655,
    "end": 1587830099655,
    "duration": 0,
    "pid": 25612,
    "index": 5
  },
  {
    "name": "Require(3) node_modules/egg-jsonp/config/config.default.js",
    "start": 1587830099656,
    "end": 1587830099656,
    "duration": 0,
    "pid": 25612,
    "index": 6
  },
  {
    "name": "Require(4) node_modules/egg-onerror/config/config.default.js",
    "start": 1587830099656,
    "end": 1587830099656,
    "duration": 0,
    "pid": 25612,
    "index": 7
  },
  {
    "name": "Require(5) node_modules/egg-i18n/config/config.default.js",
    "start": 1587830099657,
    "end": 1587830099657,
    "duration": 0,
    "pid": 25612,
    "index": 8
  },
  {
    "name": "Require(6) node_modules/egg-watcher/config/config.default.js",
    "start": 1587830099657,
    "end": 1587830099658,
    "duration": 1,
    "pid": 25612,
    "index": 9
  },
  {
    "name": "Require(7) node_modules/egg-schedule/config/config.default.js",
    "start": 1587830099658,
    "end": 1587830099658,
    "duration": 0,
    "pid": 25612,
    "index": 10
  },
  {
    "name": "Require(8) node_modules/egg-multipart/config/config.default.js",
    "start": 1587830099658,
    "end": 1587830099659,
    "duration": 1,
    "pid": 25612,
    "index": 11
  },
  {
    "name": "Require(9) node_modules/egg-development/config/config.default.js",
    "start": 1587830099659,
    "end": 1587830099659,
    "duration": 0,
    "pid": 25612,
    "index": 12
  },
  {
    "name": "Require(10) node_modules/egg-logrotator/config/config.default.js",
    "start": 1587830099659,
    "end": 1587830099660,
    "duration": 1,
    "pid": 25612,
    "index": 13
  },
  {
    "name": "Require(11) node_modules/egg-static/config/config.default.js",
    "start": 1587830099660,
    "end": 1587830099660,
    "duration": 0,
    "pid": 25612,
    "index": 14
  },
  {
    "name": "Require(12) node_modules/egg-view/config/config.default.js",
    "start": 1587830099660,
    "end": 1587830099661,
    "duration": 1,
    "pid": 25612,
    "index": 15
  },
  {
    "name": "Require(13) node_modules/_egg-mysql@3.0.0@egg-mysql/config/config.default.js",
    "start": 1587830099661,
    "end": 1587830099661,
    "duration": 0,
    "pid": 25612,
    "index": 16
  },
  {
    "name": "Require(14) node_modules/_egg-view-ejs@2.0.1@egg-view-ejs/config/config.default.js",
    "start": 1587830099661,
    "end": 1587830099662,
    "duration": 1,
    "pid": 25612,
    "index": 17
  },
  {
    "name": "Require(15) node_modules/egg/config/config.default.js",
    "start": 1587830099662,
    "end": 1587830099662,
    "duration": 0,
    "pid": 25612,
    "index": 18
  },
  {
    "name": "Require(16) config/config.default.js",
    "start": 1587830099663,
    "end": 1587830099663,
    "duration": 0,
    "pid": 25612,
    "index": 19
  },
  {
    "name": "Require(17) node_modules/egg-security/config/config.local.js",
    "start": 1587830099664,
    "end": 1587830099664,
    "duration": 0,
    "pid": 25612,
    "index": 20
  },
  {
    "name": "Require(18) node_modules/egg-watcher/config/config.local.js",
    "start": 1587830099664,
    "end": 1587830099664,
    "duration": 0,
    "pid": 25612,
    "index": 21
  },
  {
    "name": "Require(19) node_modules/egg-view/config/config.local.js",
    "start": 1587830099665,
    "end": 1587830099665,
    "duration": 0,
    "pid": 25612,
    "index": 22
  },
  {
    "name": "Require(20) node_modules/_egg-view-ejs@2.0.1@egg-view-ejs/config/config.local.js",
    "start": 1587830099665,
    "end": 1587830099665,
    "duration": 0,
    "pid": 25612,
    "index": 23
  },
  {
    "name": "Require(21) node_modules/egg/config/config.local.js",
    "start": 1587830099665,
    "end": 1587830099666,
    "duration": 1,
    "pid": 25612,
    "index": 24
  },
  {
    "name": "Load extend/application.js",
    "start": 1587830099667,
    "end": 1587830099671,
    "duration": 4,
    "pid": 25612,
    "index": 25
  },
  {
    "name": "Require(22) node_modules/egg-session/app/extend/application.js",
    "start": 1587830099667,
    "end": 1587830099667,
    "duration": 0,
    "pid": 25612,
    "index": 26
  },
  {
    "name": "Require(23) node_modules/egg-security/app/extend/application.js",
    "start": 1587830099667,
    "end": 1587830099668,
    "duration": 1,
    "pid": 25612,
    "index": 27
  },
  {
    "name": "Require(24) node_modules/egg-jsonp/app/extend/application.js",
    "start": 1587830099668,
    "end": 1587830099668,
    "duration": 0,
    "pid": 25612,
    "index": 28
  },
  {
    "name": "Require(25) node_modules/egg-logrotator/app/extend/application.js",
    "start": 1587830099669,
    "end": 1587830099670,
    "duration": 1,
    "pid": 25612,
    "index": 29
  },
  {
    "name": "Require(26) node_modules/egg-view/app/extend/application.js",
    "start": 1587830099670,
    "end": 1587830099670,
    "duration": 0,
    "pid": 25612,
    "index": 30
  },
  {
    "name": "Load extend/request.js",
    "start": 1587830099671,
    "end": 1587830099674,
    "duration": 3,
    "pid": 25612,
    "index": 31
  },
  {
    "name": "Require(27) node_modules/egg/app/extend/request.js",
    "start": 1587830099672,
    "end": 1587830099673,
    "duration": 1,
    "pid": 25612,
    "index": 32
  },
  {
    "name": "Load extend/response.js",
    "start": 1587830099674,
    "end": 1587830099676,
    "duration": 2,
    "pid": 25612,
    "index": 33
  },
  {
    "name": "Require(28) node_modules/egg/app/extend/response.js",
    "start": 1587830099675,
    "end": 1587830099675,
    "duration": 0,
    "pid": 25612,
    "index": 34
  },
  {
    "name": "Load extend/context.js",
    "start": 1587830099676,
    "end": 1587830099709,
    "duration": 33,
    "pid": 25612,
    "index": 35
  },
  {
    "name": "Require(29) node_modules/egg-security/app/extend/context.js",
    "start": 1587830099676,
    "end": 1587830099680,
    "duration": 4,
    "pid": 25612,
    "index": 36
  },
  {
    "name": "Require(30) node_modules/egg-jsonp/app/extend/context.js",
    "start": 1587830099680,
    "end": 1587830099681,
    "duration": 1,
    "pid": 25612,
    "index": 37
  },
  {
    "name": "Require(31) node_modules/egg-i18n/app/extend/context.js",
    "start": 1587830099681,
    "end": 1587830099681,
    "duration": 0,
    "pid": 25612,
    "index": 38
  },
  {
    "name": "Require(32) node_modules/egg-multipart/app/extend/context.js",
    "start": 1587830099682,
    "end": 1587830099706,
    "duration": 24,
    "pid": 25612,
    "index": 39
  },
  {
    "name": "Require(33) node_modules/egg-view/app/extend/context.js",
    "start": 1587830099707,
    "end": 1587830099707,
    "duration": 0,
    "pid": 25612,
    "index": 40
  },
  {
    "name": "Require(34) node_modules/egg/app/extend/context.js",
    "start": 1587830099707,
    "end": 1587830099708,
    "duration": 1,
    "pid": 25612,
    "index": 41
  },
  {
    "name": "Load extend/helper.js",
    "start": 1587830099709,
    "end": 1587830099721,
    "duration": 12,
    "pid": 25612,
    "index": 42
  },
  {
    "name": "Require(35) node_modules/egg-security/app/extend/helper.js",
    "start": 1587830099709,
    "end": 1587830099719,
    "duration": 10,
    "pid": 25612,
    "index": 43
  },
  {
    "name": "Require(36) node_modules/egg/app/extend/helper.js",
    "start": 1587830099720,
    "end": 1587830099720,
    "duration": 0,
    "pid": 25612,
    "index": 44
  },
  {
    "name": "Load app.js",
    "start": 1587830099722,
    "end": 1587830099748,
    "duration": 26,
    "pid": 25612,
    "index": 45
  },
  {
    "name": "Require(37) node_modules/egg-session/app.js",
    "start": 1587830099722,
    "end": 1587830099722,
    "duration": 0,
    "pid": 25612,
    "index": 46
  },
  {
    "name": "Require(38) node_modules/egg-security/app.js",
    "start": 1587830099722,
    "end": 1587830099723,
    "duration": 1,
    "pid": 25612,
    "index": 47
  },
  {
    "name": "Require(39) node_modules/egg-onerror/app.js",
    "start": 1587830099723,
    "end": 1587830099727,
    "duration": 4,
    "pid": 25612,
    "index": 48
  },
  {
    "name": "Require(40) node_modules/egg-i18n/app.js",
    "start": 1587830099727,
    "end": 1587830099734,
    "duration": 7,
    "pid": 25612,
    "index": 49
  },
  {
    "name": "Require(41) node_modules/egg-watcher/app.js",
    "start": 1587830099734,
    "end": 1587830099735,
    "duration": 1,
    "pid": 25612,
    "index": 50
  },
  {
    "name": "Require(42) node_modules/egg-schedule/app.js",
    "start": 1587830099735,
    "end": 1587830099736,
    "duration": 1,
    "pid": 25612,
    "index": 51
  },
  {
    "name": "Require(43) node_modules/egg-multipart/app.js",
    "start": 1587830099736,
    "end": 1587830099737,
    "duration": 1,
    "pid": 25612,
    "index": 52
  },
  {
    "name": "Require(44) node_modules/egg-development/app.js",
    "start": 1587830099738,
    "end": 1587830099738,
    "duration": 0,
    "pid": 25612,
    "index": 53
  },
  {
    "name": "Require(45) node_modules/egg-logrotator/app.js",
    "start": 1587830099738,
    "end": 1587830099738,
    "duration": 0,
    "pid": 25612,
    "index": 54
  },
  {
    "name": "Require(46) node_modules/egg-static/app.js",
    "start": 1587830099738,
    "end": 1587830099738,
    "duration": 0,
    "pid": 25612,
    "index": 55
  },
  {
    "name": "Require(47) node_modules/_egg-mysql@3.0.0@egg-mysql/app.js",
    "start": 1587830099738,
    "end": 1587830099747,
    "duration": 9,
    "pid": 25612,
    "index": 56
  },
  {
    "name": "Require(48) node_modules/_egg-view-ejs@2.0.1@egg-view-ejs/app.js",
    "start": 1587830099747,
    "end": 1587830099747,
    "duration": 0,
    "pid": 25612,
    "index": 57
  },
  {
    "name": "Before Start in node_modules/egg-watcher/lib/init.js:15:14",
    "start": 1587830099754,
    "end": 1587830099905,
    "duration": 151,
    "pid": 25612,
    "index": 58
  },
  {
    "name": "Before Start in node_modules/_egg-mysql@3.0.0@egg-mysql/lib/mysql.js:20:7",
    "start": 1587830099824,
    "end": 1587830100095,
    "duration": 271,
    "pid": 25612,
    "index": 59
  },
  {
    "name": "Load Service",
    "start": 1587830099826,
    "end": 1587830099830,
    "duration": 4,
    "pid": 25612,
    "index": 60
  },
  {
    "name": "Load \"service\" to Context",
    "start": 1587830099826,
    "end": 1587830099830,
    "duration": 4,
    "pid": 25612,
    "index": 61
  },
  {
    "name": "Load Middleware",
    "start": 1587830099831,
    "end": 1587830099871,
    "duration": 40,
    "pid": 25612,
    "index": 62
  },
  {
    "name": "Load \"middlewares\" to Application",
    "start": 1587830099831,
    "end": 1587830099865,
    "duration": 34,
    "pid": 25612,
    "index": 63
  },
  {
    "name": "Load Controller",
    "start": 1587830099871,
    "end": 1587830099886,
    "duration": 15,
    "pid": 25612,
    "index": 64
  },
  {
    "name": "Load \"controller\" to Application",
    "start": 1587830099871,
    "end": 1587830099886,
    "duration": 15,
    "pid": 25612,
    "index": 65
  },
  {
    "name": "Load Router",
    "start": 1587830099886,
    "end": 1587830099888,
    "duration": 2,
    "pid": 25612,
    "index": 66
  },
  {
    "name": "Require(49) app/router.js",
    "start": 1587830099886,
    "end": 1587830099887,
    "duration": 1,
    "pid": 25612,
    "index": 67
  },
  {
    "name": "Before Start in node_modules/egg-core/lib/egg.js:303:10",
    "start": 1587830099887,
    "end": 1587830099897,
    "duration": 10,
    "pid": 25612,
    "index": 68
  }
]