[
  {
    "name": "Application Start",
    "start": 1587830661430,
    "end": 1587830661749,
    "duration": 319,
    "pid": 26036,
    "index": 0
  },
  {
    "name": "Load Plugin",
    "start": 1587830661433,
    "end": 1587830661440,
    "duration": 7,
    "pid": 26036,
    "index": 1
  },
  {
    "name": "Load Config",
    "start": 1587830661441,
    "end": 1587830661454,
    "duration": 13,
    "pid": 26036,
    "index": 2
  },
  {
    "name": "Require(0) config/config.default.js",
    "start": 1587830661441,
    "end": 1587830661441,
    "duration": 0,
    "pid": 26036,
    "index": 3
  },
  {
    "name": "Require(1) node_modules/egg-session/config/config.default.js",
    "start": 1587830661442,
    "end": 1587830661442,
    "duration": 0,
    "pid": 26036,
    "index": 4
  },
  {
    "name": "Require(2) node_modules/egg-security/config/config.default.js",
    "start": 1587830661443,
    "end": 1587830661443,
    "duration": 0,
    "pid": 26036,
    "index": 5
  },
  {
    "name": "Require(3) node_modules/egg-jsonp/config/config.default.js",
    "start": 1587830661443,
    "end": 1587830661444,
    "duration": 1,
    "pid": 26036,
    "index": 6
  },
  {
    "name": "Require(4) node_modules/egg-onerror/config/config.default.js",
    "start": 1587830661444,
    "end": 1587830661444,
    "duration": 0,
    "pid": 26036,
    "index": 7
  },
  {
    "name": "Require(5) node_modules/egg-i18n/config/config.default.js",
    "start": 1587830661444,
    "end": 1587830661445,
    "duration": 1,
    "pid": 26036,
    "index": 8
  },
  {
    "name": "Require(6) node_modules/egg-watcher/config/config.default.js",
    "start": 1587830661445,
    "end": 1587830661445,
    "duration": 0,
    "pid": 26036,
    "index": 9
  },
  {
    "name": "Require(7) node_modules/egg-schedule/config/config.default.js",
    "start": 1587830661446,
    "end": 1587830661446,
    "duration": 0,
    "pid": 26036,
    "index": 10
  },
  {
    "name": "Require(8) node_modules/egg-multipart/config/config.default.js",
    "start": 1587830661446,
    "end": 1587830661446,
    "duration": 0,
    "pid": 26036,
    "index": 11
  },
  {
    "name": "Require(9) node_modules/egg-development/config/config.default.js",
    "start": 1587830661447,
    "end": 1587830661447,
    "duration": 0,
    "pid": 26036,
    "index": 12
  },
  {
    "name": "Require(10) node_modules/egg-logrotator/config/config.default.js",
    "start": 1587830661447,
    "end": 1587830661447,
    "duration": 0,
    "pid": 26036,
    "index": 13
  },
  {
    "name": "Require(11) node_modules/egg-static/config/config.default.js",
    "start": 1587830661448,
    "end": 1587830661448,
    "duration": 0,
    "pid": 26036,
    "index": 14
  },
  {
    "name": "Require(12) node_modules/egg-view/config/config.default.js",
    "start": 1587830661448,
    "end": 1587830661449,
    "duration": 1,
    "pid": 26036,
    "index": 15
  },
  {
    "name": "Require(13) node_modules/_egg-mysql@3.0.0@egg-mysql/config/config.default.js",
    "start": 1587830661449,
    "end": 1587830661449,
    "duration": 0,
    "pid": 26036,
    "index": 16
  },
  {
    "name": "Require(14) node_modules/_egg-view-ejs@2.0.1@egg-view-ejs/config/config.default.js",
    "start": 1587830661449,
    "end": 1587830661450,
    "duration": 1,
    "pid": 26036,
    "index": 17
  },
  {
    "name": "Require(15) node_modules/egg/config/config.default.js",
    "start": 1587830661450,
    "end": 1587830661450,
    "duration": 0,
    "pid": 26036,
    "index": 18
  },
  {
    "name": "Require(16) config/config.default.js",
    "start": 1587830661451,
    "end": 1587830661451,
    "duration": 0,
    "pid": 26036,
    "index": 19
  },
  {
    "name": "Require(17) node_modules/egg-security/config/config.local.js",
    "start": 1587830661451,
    "end": 1587830661452,
    "duration": 1,
    "pid": 26036,
    "index": 20
  },
  {
    "name": "Require(18) node_modules/egg-watcher/config/config.local.js",
    "start": 1587830661452,
    "end": 1587830661452,
    "duration": 0,
    "pid": 26036,
    "index": 21
  },
  {
    "name": "Require(19) node_modules/egg-view/config/config.local.js",
    "start": 1587830661453,
    "end": 1587830661453,
    "duration": 0,
    "pid": 26036,
    "index": 22
  },
  {
    "name": "Require(20) node_modules/_egg-view-ejs@2.0.1@egg-view-ejs/config/config.local.js",
    "start": 1587830661453,
    "end": 1587830661453,
    "duration": 0,
    "pid": 26036,
    "index": 23
  },
  {
    "name": "Require(21) node_modules/egg/config/config.local.js",
    "start": 1587830661453,
    "end": 1587830661453,
    "duration": 0,
    "pid": 26036,
    "index": 24
  },
  {
    "name": "Load extend/application.js",
    "start": 1587830661454,
    "end": 1587830661460,
    "duration": 6,
    "pid": 26036,
    "index": 25
  },
  {
    "name": "Require(22) node_modules/egg-session/app/extend/application.js",
    "start": 1587830661455,
    "end": 1587830661455,
    "duration": 0,
    "pid": 26036,
    "index": 26
  },
  {
    "name": "Require(23) node_modules/egg-security/app/extend/application.js",
    "start": 1587830661455,
    "end": 1587830661456,
    "duration": 1,
    "pid": 26036,
    "index": 27
  },
  {
    "name": "Require(24) node_modules/egg-jsonp/app/extend/application.js",
    "start": 1587830661456,
    "end": 1587830661456,
    "duration": 0,
    "pid": 26036,
    "index": 28
  },
  {
    "name": "Require(25) node_modules/egg-logrotator/app/extend/application.js",
    "start": 1587830661457,
    "end": 1587830661458,
    "duration": 1,
    "pid": 26036,
    "index": 29
  },
  {
    "name": "Require(26) node_modules/egg-view/app/extend/application.js",
    "start": 1587830661458,
    "end": 1587830661459,
    "duration": 1,
    "pid": 26036,
    "index": 30
  },
  {
    "name": "Load extend/request.js",
    "start": 1587830661460,
    "end": 1587830661462,
    "duration": 2,
    "pid": 26036,
    "index": 31
  },
  {
    "name": "Require(27) node_modules/egg/app/extend/request.js",
    "start": 1587830661460,
    "end": 1587830661461,
    "duration": 1,
    "pid": 26036,
    "index": 32
  },
  {
    "name": "Load extend/response.js",
    "start": 1587830661462,
    "end": 1587830661464,
    "duration": 2,
    "pid": 26036,
    "index": 33
  },
  {
    "name": "Require(28) node_modules/egg/app/extend/response.js",
    "start": 1587830661463,
    "end": 1587830661463,
    "duration": 0,
    "pid": 26036,
    "index": 34
  },
  {
    "name": "Load extend/context.js",
    "start": 1587830661464,
    "end": 1587830661500,
    "duration": 36,
    "pid": 26036,
    "index": 35
  },
  {
    "name": "Require(29) node_modules/egg-security/app/extend/context.js",
    "start": 1587830661464,
    "end": 1587830661469,
    "duration": 5,
    "pid": 26036,
    "index": 36
  },
  {
    "name": "Require(30) node_modules/egg-jsonp/app/extend/context.js",
    "start": 1587830661469,
    "end": 1587830661469,
    "duration": 0,
    "pid": 26036,
    "index": 37
  },
  {
    "name": "Require(31) node_modules/egg-i18n/app/extend/context.js",
    "start": 1587830661469,
    "end": 1587830661470,
    "duration": 1,
    "pid": 26036,
    "index": 38
  },
  {
    "name": "Require(32) node_modules/egg-multipart/app/extend/context.js",
    "start": 1587830661470,
    "end": 1587830661497,
    "duration": 27,
    "pid": 26036,
    "index": 39
  },
  {
    "name": "Require(33) node_modules/egg-view/app/extend/context.js",
    "start": 1587830661497,
    "end": 1587830661498,
    "duration": 1,
    "pid": 26036,
    "index": 40
  },
  {
    "name": "Require(34) node_modules/egg/app/extend/context.js",
    "start": 1587830661498,
    "end": 1587830661499,
    "duration": 1,
    "pid": 26036,
    "index": 41
  },
  {
    "name": "Load extend/helper.js",
    "start": 1587830661500,
    "end": 1587830661512,
    "duration": 12,
    "pid": 26036,
    "index": 42
  },
  {
    "name": "Require(35) node_modules/egg-security/app/extend/helper.js",
    "start": 1587830661500,
    "end": 1587830661510,
    "duration": 10,
    "pid": 26036,
    "index": 43
  },
  {
    "name": "Require(36) node_modules/egg/app/extend/helper.js",
    "start": 1587830661511,
    "end": 1587830661511,
    "duration": 0,
    "pid": 26036,
    "index": 44
  },
  {
    "name": "Load app.js",
    "start": 1587830661512,
    "end": 1587830661538,
    "duration": 26,
    "pid": 26036,
    "index": 45
  },
  {
    "name": "Require(37) node_modules/egg-session/app.js",
    "start": 1587830661512,
    "end": 1587830661513,
    "duration": 1,
    "pid": 26036,
    "index": 46
  },
  {
    "name": "Require(38) node_modules/egg-security/app.js",
    "start": 1587830661513,
    "end": 1587830661514,
    "duration": 1,
    "pid": 26036,
    "index": 47
  },
  {
    "name": "Require(39) node_modules/egg-onerror/app.js",
    "start": 1587830661514,
    "end": 1587830661518,
    "duration": 4,
    "pid": 26036,
    "index": 48
  },
  {
    "name": "Require(40) node_modules/egg-i18n/app.js",
    "start": 1587830661518,
    "end": 1587830661524,
    "duration": 6,
    "pid": 26036,
    "index": 49
  },
  {
    "name": "Require(41) node_modules/egg-watcher/app.js",
    "start": 1587830661524,
    "end": 1587830661526,
    "duration": 2,
    "pid": 26036,
    "index": 50
  },
  {
    "name": "Require(42) node_modules/egg-schedule/app.js",
    "start": 1587830661526,
    "end": 1587830661527,
    "duration": 1,
    "pid": 26036,
    "index": 51
  },
  {
    "name": "Require(43) node_modules/egg-multipart/app.js",
    "start": 1587830661527,
    "end": 1587830661528,
    "duration": 1,
    "pid": 26036,
    "index": 52
  },
  {
    "name": "Require(44) node_modules/egg-development/app.js",
    "start": 1587830661528,
    "end": 1587830661528,
    "duration": 0,
    "pid": 26036,
    "index": 53
  },
  {
    "name": "Require(45) node_modules/egg-logrotator/app.js",
    "start": 1587830661528,
    "end": 1587830661529,
    "duration": 1,
    "pid": 26036,
    "index": 54
  },
  {
    "name": "Require(46) node_modules/egg-static/app.js",
    "start": 1587830661529,
    "end": 1587830661529,
    "duration": 0,
    "pid": 26036,
    "index": 55
  },
  {
    "name": "Require(47) node_modules/_egg-mysql@3.0.0@egg-mysql/app.js",
    "start": 1587830661529,
    "end": 1587830661538,
    "duration": 9,
    "pid": 26036,
    "index": 56
  },
  {
    "name": "Require(48) node_modules/_egg-view-ejs@2.0.1@egg-view-ejs/app.js",
    "start": 1587830661538,
    "end": 1587830661538,
    "duration": 0,
    "pid": 26036,
    "index": 57
  },
  {
    "name": "Before Start in node_modules/egg-watcher/lib/init.js:15:14",
    "start": 1587830661545,
    "end": 1587830661680,
    "duration": 135,
    "pid": 26036,
    "index": 58
  },
  {
    "name": "Before Start in node_modules/_egg-mysql@3.0.0@egg-mysql/lib/mysql.js:20:7",
    "start": 1587830661614,
    "end": 1587830661748,
    "duration": 134,
    "pid": 26036,
    "index": 59
  },
  {
    "name": "Load Service",
    "start": 1587830661616,
    "end": 1587830661620,
    "duration": 4,
    "pid": 26036,
    "index": 60
  },
  {
    "name": "Load \"service\" to Context",
    "start": 1587830661616,
    "end": 1587830661620,
    "duration": 4,
    "pid": 26036,
    "index": 61
  },
  {
    "name": "Load Middleware",
    "start": 1587830661620,
    "end": 1587830661655,
    "duration": 35,
    "pid": 26036,
    "index": 62
  },
  {
    "name": "Load \"middlewares\" to Application",
    "start": 1587830661620,
    "end": 1587830661650,
    "duration": 30,
    "pid": 26036,
    "index": 63
  },
  {
    "name": "Load Controller",
    "start": 1587830661655,
    "end": 1587830661667,
    "duration": 12,
    "pid": 26036,
    "index": 64
  },
  {
    "name": "Load \"controller\" to Application",
    "start": 1587830661655,
    "end": 1587830661667,
    "duration": 12,
    "pid": 26036,
    "index": 65
  },
  {
    "name": "Load Router",
    "start": 1587830661667,
    "end": 1587830661668,
    "duration": 1,
    "pid": 26036,
    "index": 66
  },
  {
    "name": "Require(49) app/router.js",
    "start": 1587830661667,
    "end": 1587830661667,
    "duration": 0,
    "pid": 26036,
    "index": 67
  },
  {
    "name": "Before Start in node_modules/egg-core/lib/egg.js:303:10",
    "start": 1587830661667,
    "end": 1587830661675,
    "duration": 8,
    "pid": 26036,
    "index": 68
  }
]