[
  {
    "name": "Application Start",
    "start": 1587830456464,
    "end": 1587830456826,
    "duration": 362,
    "pid": 25928,
    "index": 0
  },
  {
    "name": "Load Plugin",
    "start": 1587830456468,
    "end": 1587830456476,
    "duration": 8,
    "pid": 25928,
    "index": 1
  },
  {
    "name": "Load Config",
    "start": 1587830456476,
    "end": 1587830456490,
    "duration": 14,
    "pid": 25928,
    "index": 2
  },
  {
    "name": "Require(0) config/config.default.js",
    "start": 1587830456477,
    "end": 1587830456477,
    "duration": 0,
    "pid": 25928,
    "index": 3
  },
  {
    "name": "Require(1) node_modules/egg-session/config/config.default.js",
    "start": 1587830456478,
    "end": 1587830456478,
    "duration": 0,
    "pid": 25928,
    "index": 4
  },
  {
    "name": "Require(2) node_modules/egg-security/config/config.default.js",
    "start": 1587830456478,
    "end": 1587830456479,
    "duration": 1,
    "pid": 25928,
    "index": 5
  },
  {
    "name": "Require(3) node_modules/egg-jsonp/config/config.default.js",
    "start": 1587830456479,
    "end": 1587830456480,
    "duration": 1,
    "pid": 25928,
    "index": 6
  },
  {
    "name": "Require(4) node_modules/egg-onerror/config/config.default.js",
    "start": 1587830456480,
    "end": 1587830456480,
    "duration": 0,
    "pid": 25928,
    "index": 7
  },
  {
    "name": "Require(5) node_modules/egg-i18n/config/config.default.js",
    "start": 1587830456480,
    "end": 1587830456481,
    "duration": 1,
    "pid": 25928,
    "index": 8
  },
  {
    "name": "Require(6) node_modules/egg-watcher/config/config.default.js",
    "start": 1587830456481,
    "end": 1587830456481,
    "duration": 0,
    "pid": 25928,
    "index": 9
  },
  {
    "name": "Require(7) node_modules/egg-schedule/config/config.default.js",
    "start": 1587830456482,
    "end": 1587830456482,
    "duration": 0,
    "pid": 25928,
    "index": 10
  },
  {
    "name": "Require(8) node_modules/egg-multipart/config/config.default.js",
    "start": 1587830456482,
    "end": 1587830456483,
    "duration": 1,
    "pid": 25928,
    "index": 11
  },
  {
    "name": "Require(9) node_modules/egg-development/config/config.default.js",
    "start": 1587830456483,
    "end": 1587830456483,
    "duration": 0,
    "pid": 25928,
    "index": 12
  },
  {
    "name": "Require(10) node_modules/egg-logrotator/config/config.default.js",
    "start": 1587830456483,
    "end": 1587830456484,
    "duration": 1,
    "pid": 25928,
    "index": 13
  },
  {
    "name": "Require(11) node_modules/egg-static/config/config.default.js",
    "start": 1587830456484,
    "end": 1587830456484,
    "duration": 0,
    "pid": 25928,
    "index": 14
  },
  {
    "name": "Require(12) node_modules/egg-view/config/config.default.js",
    "start": 1587830456484,
    "end": 1587830456485,
    "duration": 1,
    "pid": 25928,
    "index": 15
  },
  {
    "name": "Require(13) node_modules/_egg-mysql@3.0.0@egg-mysql/config/config.default.js",
    "start": 1587830456485,
    "end": 1587830456485,
    "duration": 0,
    "pid": 25928,
    "index": 16
  },
  {
    "name": "Require(14) node_modules/_egg-view-ejs@2.0.1@egg-view-ejs/config/config.default.js",
    "start": 1587830456486,
    "end": 1587830456486,
    "duration": 0,
    "pid": 25928,
    "index": 17
  },
  {
    "name": "Require(15) node_modules/egg/config/config.default.js",
    "start": 1587830456486,
    "end": 1587830456487,
    "duration": 1,
    "pid": 25928,
    "index": 18
  },
  {
    "name": "Require(16) config/config.default.js",
    "start": 1587830456488,
    "end": 1587830456488,
    "duration": 0,
    "pid": 25928,
    "index": 19
  },
  {
    "name": "Require(17) node_modules/egg-security/config/config.local.js",
    "start": 1587830456488,
    "end": 1587830456488,
    "duration": 0,
    "pid": 25928,
    "index": 20
  },
  {
    "name": "Require(18) node_modules/egg-watcher/config/config.local.js",
    "start": 1587830456488,
    "end": 1587830456489,
    "duration": 1,
    "pid": 25928,
    "index": 21
  },
  {
    "name": "Require(19) node_modules/egg-view/config/config.local.js",
    "start": 1587830456489,
    "end": 1587830456489,
    "duration": 0,
    "pid": 25928,
    "index": 22
  },
  {
    "name": "Require(20) node_modules/_egg-view-ejs@2.0.1@egg-view-ejs/config/config.local.js",
    "start": 1587830456489,
    "end": 1587830456490,
    "duration": 1,
    "pid": 25928,
    "index": 23
  },
  {
    "name": "Require(21) node_modules/egg/config/config.local.js",
    "start": 1587830456490,
    "end": 1587830456490,
    "duration": 0,
    "pid": 25928,
    "index": 24
  },
  {
    "name": "Load extend/application.js",
    "start": 1587830456491,
    "end": 1587830456496,
    "duration": 5,
    "pid": 25928,
    "index": 25
  },
  {
    "name": "Require(22) node_modules/egg-session/app/extend/application.js",
    "start": 1587830456491,
    "end": 1587830456492,
    "duration": 1,
    "pid": 25928,
    "index": 26
  },
  {
    "name": "Require(23) node_modules/egg-security/app/extend/application.js",
    "start": 1587830456492,
    "end": 1587830456492,
    "duration": 0,
    "pid": 25928,
    "index": 27
  },
  {
    "name": "Require(24) node_modules/egg-jsonp/app/extend/application.js",
    "start": 1587830456493,
    "end": 1587830456493,
    "duration": 0,
    "pid": 25928,
    "index": 28
  },
  {
    "name": "Require(25) node_modules/egg-logrotator/app/extend/application.js",
    "start": 1587830456494,
    "end": 1587830456494,
    "duration": 0,
    "pid": 25928,
    "index": 29
  },
  {
    "name": "Require(26) node_modules/egg-view/app/extend/application.js",
    "start": 1587830456495,
    "end": 1587830456495,
    "duration": 0,
    "pid": 25928,
    "index": 30
  },
  {
    "name": "Load extend/request.js",
    "start": 1587830456496,
    "end": 1587830456499,
    "duration": 3,
    "pid": 25928,
    "index": 31
  },
  {
    "name": "Require(27) node_modules/egg/app/extend/request.js",
    "start": 1587830456497,
    "end": 1587830456498,
    "duration": 1,
    "pid": 25928,
    "index": 32
  },
  {
    "name": "Load extend/response.js",
    "start": 1587830456499,
    "end": 1587830456502,
    "duration": 3,
    "pid": 25928,
    "index": 33
  },
  {
    "name": "Require(28) node_modules/egg/app/extend/response.js",
    "start": 1587830456500,
    "end": 1587830456501,
    "duration": 1,
    "pid": 25928,
    "index": 34
  },
  {
    "name": "Load extend/context.js",
    "start": 1587830456502,
    "end": 1587830456540,
    "duration": 38,
    "pid": 25928,
    "index": 35
  },
  {
    "name": "Require(29) node_modules/egg-security/app/extend/context.js",
    "start": 1587830456502,
    "end": 1587830456506,
    "duration": 4,
    "pid": 25928,
    "index": 36
  },
  {
    "name": "Require(30) node_modules/egg-jsonp/app/extend/context.js",
    "start": 1587830456506,
    "end": 1587830456507,
    "duration": 1,
    "pid": 25928,
    "index": 37
  },
  {
    "name": "Require(31) node_modules/egg-i18n/app/extend/context.js",
    "start": 1587830456507,
    "end": 1587830456507,
    "duration": 0,
    "pid": 25928,
    "index": 38
  },
  {
    "name": "Require(32) node_modules/egg-multipart/app/extend/context.js",
    "start": 1587830456508,
    "end": 1587830456536,
    "duration": 28,
    "pid": 25928,
    "index": 39
  },
  {
    "name": "Require(33) node_modules/egg-view/app/extend/context.js",
    "start": 1587830456537,
    "end": 1587830456537,
    "duration": 0,
    "pid": 25928,
    "index": 40
  },
  {
    "name": "Require(34) node_modules/egg/app/extend/context.js",
    "start": 1587830456538,
    "end": 1587830456539,
    "duration": 1,
    "pid": 25928,
    "index": 41
  },
  {
    "name": "Load extend/helper.js",
    "start": 1587830456540,
    "end": 1587830456553,
    "duration": 13,
    "pid": 25928,
    "index": 42
  },
  {
    "name": "Require(35) node_modules/egg-security/app/extend/helper.js",
    "start": 1587830456540,
    "end": 1587830456551,
    "duration": 11,
    "pid": 25928,
    "index": 43
  },
  {
    "name": "Require(36) node_modules/egg/app/extend/helper.js",
    "start": 1587830456552,
    "end": 1587830456552,
    "duration": 0,
    "pid": 25928,
    "index": 44
  },
  {
    "name": "Load app.js",
    "start": 1587830456554,
    "end": 1587830456582,
    "duration": 28,
    "pid": 25928,
    "index": 45
  },
  {
    "name": "Require(37) node_modules/egg-session/app.js",
    "start": 1587830456554,
    "end": 1587830456554,
    "duration": 0,
    "pid": 25928,
    "index": 46
  },
  {
    "name": "Require(38) node_modules/egg-security/app.js",
    "start": 1587830456554,
    "end": 1587830456555,
    "duration": 1,
    "pid": 25928,
    "index": 47
  },
  {
    "name": "Require(39) node_modules/egg-onerror/app.js",
    "start": 1587830456555,
    "end": 1587830456560,
    "duration": 5,
    "pid": 25928,
    "index": 48
  },
  {
    "name": "Require(40) node_modules/egg-i18n/app.js",
    "start": 1587830456560,
    "end": 1587830456567,
    "duration": 7,
    "pid": 25928,
    "index": 49
  },
  {
    "name": "Require(41) node_modules/egg-watcher/app.js",
    "start": 1587830456567,
    "end": 1587830456569,
    "duration": 2,
    "pid": 25928,
    "index": 50
  },
  {
    "name": "Require(42) node_modules/egg-schedule/app.js",
    "start": 1587830456569,
    "end": 1587830456570,
    "duration": 1,
    "pid": 25928,
    "index": 51
  },
  {
    "name": "Require(43) node_modules/egg-multipart/app.js",
    "start": 1587830456570,
    "end": 1587830456571,
    "duration": 1,
    "pid": 25928,
    "index": 52
  },
  {
    "name": "Require(44) node_modules/egg-development/app.js",
    "start": 1587830456571,
    "end": 1587830456571,
    "duration": 0,
    "pid": 25928,
    "index": 53
  },
  {
    "name": "Require(45) node_modules/egg-logrotator/app.js",
    "start": 1587830456572,
    "end": 1587830456572,
    "duration": 0,
    "pid": 25928,
    "index": 54
  },
  {
    "name": "Require(46) node_modules/egg-static/app.js",
    "start": 1587830456572,
    "end": 1587830456572,
    "duration": 0,
    "pid": 25928,
    "index": 55
  },
  {
    "name": "Require(47) node_modules/_egg-mysql@3.0.0@egg-mysql/app.js",
    "start": 1587830456572,
    "end": 1587830456582,
    "duration": 10,
    "pid": 25928,
    "index": 56
  },
  {
    "name": "Require(48) node_modules/_egg-view-ejs@2.0.1@egg-view-ejs/app.js",
    "start": 1587830456582,
    "end": 1587830456582,
    "duration": 0,
    "pid": 25928,
    "index": 57
  },
  {
    "name": "Before Start in node_modules/egg-watcher/lib/init.js:15:14",
    "start": 1587830456589,
    "end": 1587830456737,
    "duration": 148,
    "pid": 25928,
    "index": 58
  },
  {
    "name": "Before Start in node_modules/_egg-mysql@3.0.0@egg-mysql/lib/mysql.js:20:7",
    "start": 1587830456659,
    "end": 1587830456826,
    "duration": 167,
    "pid": 25928,
    "index": 59
  },
  {
    "name": "Load Service",
    "start": 1587830456662,
    "end": 1587830456666,
    "duration": 4,
    "pid": 25928,
    "index": 60
  },
  {
    "name": "Load \"service\" to Context",
    "start": 1587830456662,
    "end": 1587830456666,
    "duration": 4,
    "pid": 25928,
    "index": 61
  },
  {
    "name": "Load Middleware",
    "start": 1587830456666,
    "end": 1587830456706,
    "duration": 40,
    "pid": 25928,
    "index": 62
  },
  {
    "name": "Load \"middlewares\" to Application",
    "start": 1587830456666,
    "end": 1587830456701,
    "duration": 35,
    "pid": 25928,
    "index": 63
  },
  {
    "name": "Load Controller",
    "start": 1587830456706,
    "end": 1587830456721,
    "duration": 15,
    "pid": 25928,
    "index": 64
  },
  {
    "name": "Load \"controller\" to Application",
    "start": 1587830456706,
    "end": 1587830456721,
    "duration": 15,
    "pid": 25928,
    "index": 65
  },
  {
    "name": "Load Router",
    "start": 1587830456721,
    "end": 1587830456723,
    "duration": 2,
    "pid": 25928,
    "index": 66
  },
  {
    "name": "Require(49) app/router.js",
    "start": 1587830456721,
    "end": 1587830456721,
    "duration": 0,
    "pid": 25928,
    "index": 67
  },
  {
    "name": "Before Start in node_modules/egg-core/lib/egg.js:303:10",
    "start": 1587830456722,
    "end": 1587830456731,
    "duration": 9,
    "pid": 25928,
    "index": 68
  }
]