[
  {
    "name": "Application Start",
    "start": 1587831070527,
    "end": 1587831070925,
    "duration": 398,
    "pid": 26396,
    "index": 0
  },
  {
    "name": "Load Plugin",
    "start": 1587831070531,
    "end": 1587831070539,
    "duration": 8,
    "pid": 26396,
    "index": 1
  },
  {
    "name": "Load Config",
    "start": 1587831070539,
    "end": 1587831070555,
    "duration": 16,
    "pid": 26396,
    "index": 2
  },
  {
    "name": "Require(0) config/config.default.js",
    "start": 1587831070540,
    "end": 1587831070540,
    "duration": 0,
    "pid": 26396,
    "index": 3
  },
  {
    "name": "Require(1) node_modules/egg-session/config/config.default.js",
    "start": 1587831070542,
    "end": 1587831070542,
    "duration": 0,
    "pid": 26396,
    "index": 4
  },
  {
    "name": "Require(2) node_modules/egg-security/config/config.default.js",
    "start": 1587831070542,
    "end": 1587831070543,
    "duration": 1,
    "pid": 26396,
    "index": 5
  },
  {
    "name": "Require(3) node_modules/egg-jsonp/config/config.default.js",
    "start": 1587831070544,
    "end": 1587831070544,
    "duration": 0,
    "pid": 26396,
    "index": 6
  },
  {
    "name": "Require(4) node_modules/egg-onerror/config/config.default.js",
    "start": 1587831070544,
    "end": 1587831070545,
    "duration": 1,
    "pid": 26396,
    "index": 7
  },
  {
    "name": "Require(5) node_modules/egg-i18n/config/config.default.js",
    "start": 1587831070545,
    "end": 1587831070545,
    "duration": 0,
    "pid": 26396,
    "index": 8
  },
  {
    "name": "Require(6) node_modules/egg-watcher/config/config.default.js",
    "start": 1587831070546,
    "end": 1587831070546,
    "duration": 0,
    "pid": 26396,
    "index": 9
  },
  {
    "name": "Require(7) node_modules/egg-schedule/config/config.default.js",
    "start": 1587831070546,
    "end": 1587831070546,
    "duration": 0,
    "pid": 26396,
    "index": 10
  },
  {
    "name": "Require(8) node_modules/egg-multipart/config/config.default.js",
    "start": 1587831070547,
    "end": 1587831070547,
    "duration": 0,
    "pid": 26396,
    "index": 11
  },
  {
    "name": "Require(9) node_modules/egg-development/config/config.default.js",
    "start": 1587831070547,
    "end": 1587831070548,
    "duration": 1,
    "pid": 26396,
    "index": 12
  },
  {
    "name": "Require(10) node_modules/egg-logrotator/config/config.default.js",
    "start": 1587831070548,
    "end": 1587831070548,
    "duration": 0,
    "pid": 26396,
    "index": 13
  },
  {
    "name": "Require(11) node_modules/egg-static/config/config.default.js",
    "start": 1587831070548,
    "end": 1587831070549,
    "duration": 1,
    "pid": 26396,
    "index": 14
  },
  {
    "name": "Require(12) node_modules/egg-view/config/config.default.js",
    "start": 1587831070549,
    "end": 1587831070549,
    "duration": 0,
    "pid": 26396,
    "index": 15
  },
  {
    "name": "Require(13) node_modules/_egg-mysql@3.0.0@egg-mysql/config/config.default.js",
    "start": 1587831070550,
    "end": 1587831070550,
    "duration": 0,
    "pid": 26396,
    "index": 16
  },
  {
    "name": "Require(14) node_modules/_egg-view-ejs@2.0.1@egg-view-ejs/config/config.default.js",
    "start": 1587831070550,
    "end": 1587831070551,
    "duration": 1,
    "pid": 26396,
    "index": 17
  },
  {
    "name": "Require(15) node_modules/egg/config/config.default.js",
    "start": 1587831070551,
    "end": 1587831070551,
    "duration": 0,
    "pid": 26396,
    "index": 18
  },
  {
    "name": "Require(16) config/config.default.js",
    "start": 1587831070552,
    "end": 1587831070552,
    "duration": 0,
    "pid": 26396,
    "index": 19
  },
  {
    "name": "Require(17) node_modules/egg-security/config/config.local.js",
    "start": 1587831070553,
    "end": 1587831070553,
    "duration": 0,
    "pid": 26396,
    "index": 20
  },
  {
    "name": "Require(18) node_modules/egg-watcher/config/config.local.js",
    "start": 1587831070553,
    "end": 1587831070553,
    "duration": 0,
    "pid": 26396,
    "index": 21
  },
  {
    "name": "Require(19) node_modules/egg-view/config/config.local.js",
    "start": 1587831070554,
    "end": 1587831070554,
    "duration": 0,
    "pid": 26396,
    "index": 22
  },
  {
    "name": "Require(20) node_modules/_egg-view-ejs@2.0.1@egg-view-ejs/config/config.local.js",
    "start": 1587831070554,
    "end": 1587831070555,
    "duration": 1,
    "pid": 26396,
    "index": 23
  },
  {
    "name": "Require(21) node_modules/egg/config/config.local.js",
    "start": 1587831070555,
    "end": 1587831070555,
    "duration": 0,
    "pid": 26396,
    "index": 24
  },
  {
    "name": "Load extend/application.js",
    "start": 1587831070556,
    "end": 1587831070562,
    "duration": 6,
    "pid": 26396,
    "index": 25
  },
  {
    "name": "Require(22) node_modules/egg-session/app/extend/application.js",
    "start": 1587831070556,
    "end": 1587831070557,
    "duration": 1,
    "pid": 26396,
    "index": 26
  },
  {
    "name": "Require(23) node_modules/egg-security/app/extend/application.js",
    "start": 1587831070557,
    "end": 1587831070558,
    "duration": 1,
    "pid": 26396,
    "index": 27
  },
  {
    "name": "Require(24) node_modules/egg-jsonp/app/extend/application.js",
    "start": 1587831070558,
    "end": 1587831070559,
    "duration": 1,
    "pid": 26396,
    "index": 28
  },
  {
    "name": "Require(25) node_modules/egg-logrotator/app/extend/application.js",
    "start": 1587831070559,
    "end": 1587831070560,
    "duration": 1,
    "pid": 26396,
    "index": 29
  },
  {
    "name": "Require(26) node_modules/egg-view/app/extend/application.js",
    "start": 1587831070560,
    "end": 1587831070561,
    "duration": 1,
    "pid": 26396,
    "index": 30
  },
  {
    "name": "Load extend/request.js",
    "start": 1587831070562,
    "end": 1587831070564,
    "duration": 2,
    "pid": 26396,
    "index": 31
  },
  {
    "name": "Require(27) node_modules/egg/app/extend/request.js",
    "start": 1587831070563,
    "end": 1587831070564,
    "duration": 1,
    "pid": 26396,
    "index": 32
  },
  {
    "name": "Load extend/response.js",
    "start": 1587831070564,
    "end": 1587831070567,
    "duration": 3,
    "pid": 26396,
    "index": 33
  },
  {
    "name": "Require(28) node_modules/egg/app/extend/response.js",
    "start": 1587831070566,
    "end": 1587831070567,
    "duration": 1,
    "pid": 26396,
    "index": 34
  },
  {
    "name": "Load extend/context.js",
    "start": 1587831070568,
    "end": 1587831070607,
    "duration": 39,
    "pid": 26396,
    "index": 35
  },
  {
    "name": "Require(29) node_modules/egg-security/app/extend/context.js",
    "start": 1587831070568,
    "end": 1587831070572,
    "duration": 4,
    "pid": 26396,
    "index": 36
  },
  {
    "name": "Require(30) node_modules/egg-jsonp/app/extend/context.js",
    "start": 1587831070572,
    "end": 1587831070573,
    "duration": 1,
    "pid": 26396,
    "index": 37
  },
  {
    "name": "Require(31) node_modules/egg-i18n/app/extend/context.js",
    "start": 1587831070573,
    "end": 1587831070574,
    "duration": 1,
    "pid": 26396,
    "index": 38
  },
  {
    "name": "Require(32) node_modules/egg-multipart/app/extend/context.js",
    "start": 1587831070574,
    "end": 1587831070603,
    "duration": 29,
    "pid": 26396,
    "index": 39
  },
  {
    "name": "Require(33) node_modules/egg-view/app/extend/context.js",
    "start": 1587831070604,
    "end": 1587831070604,
    "duration": 0,
    "pid": 26396,
    "index": 40
  },
  {
    "name": "Require(34) node_modules/egg/app/extend/context.js",
    "start": 1587831070605,
    "end": 1587831070606,
    "duration": 1,
    "pid": 26396,
    "index": 41
  },
  {
    "name": "Load extend/helper.js",
    "start": 1587831070607,
    "end": 1587831070621,
    "duration": 14,
    "pid": 26396,
    "index": 42
  },
  {
    "name": "Require(35) node_modules/egg-security/app/extend/helper.js",
    "start": 1587831070608,
    "end": 1587831070619,
    "duration": 11,
    "pid": 26396,
    "index": 43
  },
  {
    "name": "Require(36) node_modules/egg/app/extend/helper.js",
    "start": 1587831070620,
    "end": 1587831070620,
    "duration": 0,
    "pid": 26396,
    "index": 44
  },
  {
    "name": "Load app.js",
    "start": 1587831070621,
    "end": 1587831070651,
    "duration": 30,
    "pid": 26396,
    "index": 45
  },
  {
    "name": "Require(37) node_modules/egg-session/app.js",
    "start": 1587831070621,
    "end": 1587831070621,
    "duration": 0,
    "pid": 26396,
    "index": 46
  },
  {
    "name": "Require(38) node_modules/egg-security/app.js",
    "start": 1587831070621,
    "end": 1587831070622,
    "duration": 1,
    "pid": 26396,
    "index": 47
  },
  {
    "name": "Require(39) node_modules/egg-onerror/app.js",
    "start": 1587831070623,
    "end": 1587831070627,
    "duration": 4,
    "pid": 26396,
    "index": 48
  },
  {
    "name": "Require(40) node_modules/egg-i18n/app.js",
    "start": 1587831070627,
    "end": 1587831070635,
    "duration": 8,
    "pid": 26396,
    "index": 49
  },
  {
    "name": "Require(41) node_modules/egg-watcher/app.js",
    "start": 1587831070635,
    "end": 1587831070636,
    "duration": 1,
    "pid": 26396,
    "index": 50
  },
  {
    "name": "Require(42) node_modules/egg-schedule/app.js",
    "start": 1587831070636,
    "end": 1587831070637,
    "duration": 1,
    "pid": 26396,
    "index": 51
  },
  {
    "name": "Require(43) node_modules/egg-multipart/app.js",
    "start": 1587831070637,
    "end": 1587831070639,
    "duration": 2,
    "pid": 26396,
    "index": 52
  },
  {
    "name": "Require(44) node_modules/egg-development/app.js",
    "start": 1587831070639,
    "end": 1587831070639,
    "duration": 0,
    "pid": 26396,
    "index": 53
  },
  {
    "name": "Require(45) node_modules/egg-logrotator/app.js",
    "start": 1587831070639,
    "end": 1587831070639,
    "duration": 0,
    "pid": 26396,
    "index": 54
  },
  {
    "name": "Require(46) node_modules/egg-static/app.js",
    "start": 1587831070640,
    "end": 1587831070640,
    "duration": 0,
    "pid": 26396,
    "index": 55
  },
  {
    "name": "Require(47) node_modules/_egg-mysql@3.0.0@egg-mysql/app.js",
    "start": 1587831070640,
    "end": 1587831070651,
    "duration": 11,
    "pid": 26396,
    "index": 56
  },
  {
    "name": "Require(48) node_modules/_egg-view-ejs@2.0.1@egg-view-ejs/app.js",
    "start": 1587831070651,
    "end": 1587831070651,
    "duration": 0,
    "pid": 26396,
    "index": 57
  },
  {
    "name": "Before Start in node_modules/egg-watcher/lib/init.js:15:14",
    "start": 1587831070659,
    "end": 1587831070863,
    "duration": 204,
    "pid": 26396,
    "index": 58
  },
  {
    "name": "Before Start in node_modules/_egg-mysql@3.0.0@egg-mysql/lib/mysql.js:20:7",
    "start": 1587831070732,
    "end": 1587831070925,
    "duration": 193,
    "pid": 26396,
    "index": 59
  },
  {
    "name": "Load Service",
    "start": 1587831070735,
    "end": 1587831070739,
    "duration": 4,
    "pid": 26396,
    "index": 60
  },
  {
    "name": "Load \"service\" to Context",
    "start": 1587831070735,
    "end": 1587831070739,
    "duration": 4,
    "pid": 26396,
    "index": 61
  },
  {
    "name": "Load Middleware",
    "start": 1587831070739,
    "end": 1587831070786,
    "duration": 47,
    "pid": 26396,
    "index": 62
  },
  {
    "name": "Load \"middlewares\" to Application",
    "start": 1587831070739,
    "end": 1587831070777,
    "duration": 38,
    "pid": 26396,
    "index": 63
  },
  {
    "name": "Load Controller",
    "start": 1587831070786,
    "end": 1587831070816,
    "duration": 30,
    "pid": 26396,
    "index": 64
  },
  {
    "name": "Load \"controller\" to Application",
    "start": 1587831070786,
    "end": 1587831070816,
    "duration": 30,
    "pid": 26396,
    "index": 65
  },
  {
    "name": "Load Router",
    "start": 1587831070816,
    "end": 1587831070818,
    "duration": 2,
    "pid": 26396,
    "index": 66
  },
  {
    "name": "Require(49) app/router.js",
    "start": 1587831070816,
    "end": 1587831070816,
    "duration": 0,
    "pid": 26396,
    "index": 67
  },
  {
    "name": "Before Start in node_modules/egg-core/lib/egg.js:303:10",
    "start": 1587831070816,
    "end": 1587831070857,
    "duration": 41,
    "pid": 26396,
    "index": 68
  }
]