[
  {
    "name": "Application Start",
    "start": 1587831350713,
    "end": 1587831351072,
    "duration": 359,
    "pid": 26569,
    "index": 0
  },
  {
    "name": "Load Plugin",
    "start": 1587831350717,
    "end": 1587831350725,
    "duration": 8,
    "pid": 26569,
    "index": 1
  },
  {
    "name": "Load Config",
    "start": 1587831350725,
    "end": 1587831350739,
    "duration": 14,
    "pid": 26569,
    "index": 2
  },
  {
    "name": "Require(0) config/config.default.js",
    "start": 1587831350725,
    "end": 1587831350726,
    "duration": 1,
    "pid": 26569,
    "index": 3
  },
  {
    "name": "Require(1) node_modules/egg-session/config/config.default.js",
    "start": 1587831350727,
    "end": 1587831350727,
    "duration": 0,
    "pid": 26569,
    "index": 4
  },
  {
    "name": "Require(2) node_modules/egg-security/config/config.default.js",
    "start": 1587831350727,
    "end": 1587831350727,
    "duration": 0,
    "pid": 26569,
    "index": 5
  },
  {
    "name": "Require(3) node_modules/egg-jsonp/config/config.default.js",
    "start": 1587831350728,
    "end": 1587831350729,
    "duration": 1,
    "pid": 26569,
    "index": 6
  },
  {
    "name": "Require(4) node_modules/egg-onerror/config/config.default.js",
    "start": 1587831350729,
    "end": 1587831350729,
    "duration": 0,
    "pid": 26569,
    "index": 7
  },
  {
    "name": "Require(5) node_modules/egg-i18n/config/config.default.js",
    "start": 1587831350729,
    "end": 1587831350730,
    "duration": 1,
    "pid": 26569,
    "index": 8
  },
  {
    "name": "Require(6) node_modules/egg-watcher/config/config.default.js",
    "start": 1587831350730,
    "end": 1587831350730,
    "duration": 0,
    "pid": 26569,
    "index": 9
  },
  {
    "name": "Require(7) node_modules/egg-schedule/config/config.default.js",
    "start": 1587831350731,
    "end": 1587831350731,
    "duration": 0,
    "pid": 26569,
    "index": 10
  },
  {
    "name": "Require(8) node_modules/egg-multipart/config/config.default.js",
    "start": 1587831350731,
    "end": 1587831350731,
    "duration": 0,
    "pid": 26569,
    "index": 11
  },
  {
    "name": "Require(9) node_modules/egg-development/config/config.default.js",
    "start": 1587831350732,
    "end": 1587831350732,
    "duration": 0,
    "pid": 26569,
    "index": 12
  },
  {
    "name": "Require(10) node_modules/egg-logrotator/config/config.default.js",
    "start": 1587831350732,
    "end": 1587831350733,
    "duration": 1,
    "pid": 26569,
    "index": 13
  },
  {
    "name": "Require(11) node_modules/egg-static/config/config.default.js",
    "start": 1587831350733,
    "end": 1587831350733,
    "duration": 0,
    "pid": 26569,
    "index": 14
  },
  {
    "name": "Require(12) node_modules/egg-view/config/config.default.js",
    "start": 1587831350733,
    "end": 1587831350734,
    "duration": 1,
    "pid": 26569,
    "index": 15
  },
  {
    "name": "Require(13) node_modules/_egg-mysql@3.0.0@egg-mysql/config/config.default.js",
    "start": 1587831350734,
    "end": 1587831350734,
    "duration": 0,
    "pid": 26569,
    "index": 16
  },
  {
    "name": "Require(14) node_modules/_egg-view-ejs@2.0.1@egg-view-ejs/config/config.default.js",
    "start": 1587831350734,
    "end": 1587831350735,
    "duration": 1,
    "pid": 26569,
    "index": 17
  },
  {
    "name": "Require(15) node_modules/egg/config/config.default.js",
    "start": 1587831350735,
    "end": 1587831350735,
    "duration": 0,
    "pid": 26569,
    "index": 18
  },
  {
    "name": "Require(16) config/config.default.js",
    "start": 1587831350736,
    "end": 1587831350736,
    "duration": 0,
    "pid": 26569,
    "index": 19
  },
  {
    "name": "Require(17) node_modules/egg-security/config/config.local.js",
    "start": 1587831350736,
    "end": 1587831350737,
    "duration": 1,
    "pid": 26569,
    "index": 20
  },
  {
    "name": "Require(18) node_modules/egg-watcher/config/config.local.js",
    "start": 1587831350737,
    "end": 1587831350737,
    "duration": 0,
    "pid": 26569,
    "index": 21
  },
  {
    "name": "Require(19) node_modules/egg-view/config/config.local.js",
    "start": 1587831350738,
    "end": 1587831350738,
    "duration": 0,
    "pid": 26569,
    "index": 22
  },
  {
    "name": "Require(20) node_modules/_egg-view-ejs@2.0.1@egg-view-ejs/config/config.local.js",
    "start": 1587831350738,
    "end": 1587831350738,
    "duration": 0,
    "pid": 26569,
    "index": 23
  },
  {
    "name": "Require(21) node_modules/egg/config/config.local.js",
    "start": 1587831350738,
    "end": 1587831350739,
    "duration": 1,
    "pid": 26569,
    "index": 24
  },
  {
    "name": "Load extend/application.js",
    "start": 1587831350740,
    "end": 1587831350745,
    "duration": 5,
    "pid": 26569,
    "index": 25
  },
  {
    "name": "Require(22) node_modules/egg-session/app/extend/application.js",
    "start": 1587831350740,
    "end": 1587831350740,
    "duration": 0,
    "pid": 26569,
    "index": 26
  },
  {
    "name": "Require(23) node_modules/egg-security/app/extend/application.js",
    "start": 1587831350740,
    "end": 1587831350741,
    "duration": 1,
    "pid": 26569,
    "index": 27
  },
  {
    "name": "Require(24) node_modules/egg-jsonp/app/extend/application.js",
    "start": 1587831350741,
    "end": 1587831350742,
    "duration": 1,
    "pid": 26569,
    "index": 28
  },
  {
    "name": "Require(25) node_modules/egg-logrotator/app/extend/application.js",
    "start": 1587831350742,
    "end": 1587831350743,
    "duration": 1,
    "pid": 26569,
    "index": 29
  },
  {
    "name": "Require(26) node_modules/egg-view/app/extend/application.js",
    "start": 1587831350743,
    "end": 1587831350744,
    "duration": 1,
    "pid": 26569,
    "index": 30
  },
  {
    "name": "Load extend/request.js",
    "start": 1587831350745,
    "end": 1587831350748,
    "duration": 3,
    "pid": 26569,
    "index": 31
  },
  {
    "name": "Require(27) node_modules/egg/app/extend/request.js",
    "start": 1587831350746,
    "end": 1587831350747,
    "duration": 1,
    "pid": 26569,
    "index": 32
  },
  {
    "name": "Load extend/response.js",
    "start": 1587831350748,
    "end": 1587831350750,
    "duration": 2,
    "pid": 26569,
    "index": 33
  },
  {
    "name": "Require(28) node_modules/egg/app/extend/response.js",
    "start": 1587831350749,
    "end": 1587831350749,
    "duration": 0,
    "pid": 26569,
    "index": 34
  },
  {
    "name": "Load extend/context.js",
    "start": 1587831350750,
    "end": 1587831350789,
    "duration": 39,
    "pid": 26569,
    "index": 35
  },
  {
    "name": "Require(29) node_modules/egg-security/app/extend/context.js",
    "start": 1587831350751,
    "end": 1587831350755,
    "duration": 4,
    "pid": 26569,
    "index": 36
  },
  {
    "name": "Require(30) node_modules/egg-jsonp/app/extend/context.js",
    "start": 1587831350755,
    "end": 1587831350756,
    "duration": 1,
    "pid": 26569,
    "index": 37
  },
  {
    "name": "Require(31) node_modules/egg-i18n/app/extend/context.js",
    "start": 1587831350756,
    "end": 1587831350756,
    "duration": 0,
    "pid": 26569,
    "index": 38
  },
  {
    "name": "Require(32) node_modules/egg-multipart/app/extend/context.js",
    "start": 1587831350756,
    "end": 1587831350785,
    "duration": 29,
    "pid": 26569,
    "index": 39
  },
  {
    "name": "Require(33) node_modules/egg-view/app/extend/context.js",
    "start": 1587831350785,
    "end": 1587831350786,
    "duration": 1,
    "pid": 26569,
    "index": 40
  },
  {
    "name": "Require(34) node_modules/egg/app/extend/context.js",
    "start": 1587831350786,
    "end": 1587831350788,
    "duration": 2,
    "pid": 26569,
    "index": 41
  },
  {
    "name": "Load extend/helper.js",
    "start": 1587831350789,
    "end": 1587831350803,
    "duration": 14,
    "pid": 26569,
    "index": 42
  },
  {
    "name": "Require(35) node_modules/egg-security/app/extend/helper.js",
    "start": 1587831350789,
    "end": 1587831350801,
    "duration": 12,
    "pid": 26569,
    "index": 43
  },
  {
    "name": "Require(36) node_modules/egg/app/extend/helper.js",
    "start": 1587831350802,
    "end": 1587831350802,
    "duration": 0,
    "pid": 26569,
    "index": 44
  },
  {
    "name": "Load app.js",
    "start": 1587831350803,
    "end": 1587831350831,
    "duration": 28,
    "pid": 26569,
    "index": 45
  },
  {
    "name": "Require(37) node_modules/egg-session/app.js",
    "start": 1587831350803,
    "end": 1587831350803,
    "duration": 0,
    "pid": 26569,
    "index": 46
  },
  {
    "name": "Require(38) node_modules/egg-security/app.js",
    "start": 1587831350803,
    "end": 1587831350804,
    "duration": 1,
    "pid": 26569,
    "index": 47
  },
  {
    "name": "Require(39) node_modules/egg-onerror/app.js",
    "start": 1587831350804,
    "end": 1587831350808,
    "duration": 4,
    "pid": 26569,
    "index": 48
  },
  {
    "name": "Require(40) node_modules/egg-i18n/app.js",
    "start": 1587831350809,
    "end": 1587831350816,
    "duration": 7,
    "pid": 26569,
    "index": 49
  },
  {
    "name": "Require(41) node_modules/egg-watcher/app.js",
    "start": 1587831350816,
    "end": 1587831350817,
    "duration": 1,
    "pid": 26569,
    "index": 50
  },
  {
    "name": "Require(42) node_modules/egg-schedule/app.js",
    "start": 1587831350818,
    "end": 1587831350818,
    "duration": 0,
    "pid": 26569,
    "index": 51
  },
  {
    "name": "Require(43) node_modules/egg-multipart/app.js",
    "start": 1587831350818,
    "end": 1587831350820,
    "duration": 2,
    "pid": 26569,
    "index": 52
  },
  {
    "name": "Require(44) node_modules/egg-development/app.js",
    "start": 1587831350820,
    "end": 1587831350820,
    "duration": 0,
    "pid": 26569,
    "index": 53
  },
  {
    "name": "Require(45) node_modules/egg-logrotator/app.js",
    "start": 1587831350820,
    "end": 1587831350820,
    "duration": 0,
    "pid": 26569,
    "index": 54
  },
  {
    "name": "Require(46) node_modules/egg-static/app.js",
    "start": 1587831350820,
    "end": 1587831350821,
    "duration": 1,
    "pid": 26569,
    "index": 55
  },
  {
    "name": "Require(47) node_modules/_egg-mysql@3.0.0@egg-mysql/app.js",
    "start": 1587831350821,
    "end": 1587831350830,
    "duration": 9,
    "pid": 26569,
    "index": 56
  },
  {
    "name": "Require(48) node_modules/_egg-view-ejs@2.0.1@egg-view-ejs/app.js",
    "start": 1587831350830,
    "end": 1587831350830,
    "duration": 0,
    "pid": 26569,
    "index": 57
  },
  {
    "name": "Before Start in node_modules/egg-watcher/lib/init.js:15:14",
    "start": 1587831350837,
    "end": 1587831350990,
    "duration": 153,
    "pid": 26569,
    "index": 58
  },
  {
    "name": "Before Start in node_modules/_egg-mysql@3.0.0@egg-mysql/lib/mysql.js:20:7",
    "start": 1587831350910,
    "end": 1587831351072,
    "duration": 162,
    "pid": 26569,
    "index": 59
  },
  {
    "name": "Load Service",
    "start": 1587831350913,
    "end": 1587831350917,
    "duration": 4,
    "pid": 26569,
    "index": 60
  },
  {
    "name": "Load \"service\" to Context",
    "start": 1587831350913,
    "end": 1587831350917,
    "duration": 4,
    "pid": 26569,
    "index": 61
  },
  {
    "name": "Load Middleware",
    "start": 1587831350918,
    "end": 1587831350958,
    "duration": 40,
    "pid": 26569,
    "index": 62
  },
  {
    "name": "Load \"middlewares\" to Application",
    "start": 1587831350918,
    "end": 1587831350952,
    "duration": 34,
    "pid": 26569,
    "index": 63
  },
  {
    "name": "Load Controller",
    "start": 1587831350958,
    "end": 1587831350973,
    "duration": 15,
    "pid": 26569,
    "index": 64
  },
  {
    "name": "Load \"controller\" to Application",
    "start": 1587831350958,
    "end": 1587831350973,
    "duration": 15,
    "pid": 26569,
    "index": 65
  },
  {
    "name": "Load Router",
    "start": 1587831350973,
    "end": 1587831350975,
    "duration": 2,
    "pid": 26569,
    "index": 66
  },
  {
    "name": "Require(49) app/router.js",
    "start": 1587831350973,
    "end": 1587831350973,
    "duration": 0,
    "pid": 26569,
    "index": 67
  },
  {
    "name": "Before Start in node_modules/egg-core/lib/egg.js:303:10",
    "start": 1587831350974,
    "end": 1587831350983,
    "duration": 9,
    "pid": 26569,
    "index": 68
  }
]