[
  {
    "name": "Application Start",
    "start": 1587830915238,
    "end": 1587830915696,
    "duration": 458,
    "pid": 26193,
    "index": 0
  },
  {
    "name": "Load Plugin",
    "start": 1587830915241,
    "end": 1587830915250,
    "duration": 9,
    "pid": 26193,
    "index": 1
  },
  {
    "name": "Load Config",
    "start": 1587830915250,
    "end": 1587830915266,
    "duration": 16,
    "pid": 26193,
    "index": 2
  },
  {
    "name": "Require(0) config/config.default.js",
    "start": 1587830915251,
    "end": 1587830915251,
    "duration": 0,
    "pid": 26193,
    "index": 3
  },
  {
    "name": "Require(1) node_modules/egg-session/config/config.default.js",
    "start": 1587830915252,
    "end": 1587830915252,
    "duration": 0,
    "pid": 26193,
    "index": 4
  },
  {
    "name": "Require(2) node_modules/egg-security/config/config.default.js",
    "start": 1587830915253,
    "end": 1587830915253,
    "duration": 0,
    "pid": 26193,
    "index": 5
  },
  {
    "name": "Require(3) node_modules/egg-jsonp/config/config.default.js",
    "start": 1587830915254,
    "end": 1587830915254,
    "duration": 0,
    "pid": 26193,
    "index": 6
  },
  {
    "name": "Require(4) node_modules/egg-onerror/config/config.default.js",
    "start": 1587830915254,
    "end": 1587830915255,
    "duration": 1,
    "pid": 26193,
    "index": 7
  },
  {
    "name": "Require(5) node_modules/egg-i18n/config/config.default.js",
    "start": 1587830915255,
    "end": 1587830915255,
    "duration": 0,
    "pid": 26193,
    "index": 8
  },
  {
    "name": "Require(6) node_modules/egg-watcher/config/config.default.js",
    "start": 1587830915256,
    "end": 1587830915256,
    "duration": 0,
    "pid": 26193,
    "index": 9
  },
  {
    "name": "Require(7) node_modules/egg-schedule/config/config.default.js",
    "start": 1587830915256,
    "end": 1587830915257,
    "duration": 1,
    "pid": 26193,
    "index": 10
  },
  {
    "name": "Require(8) node_modules/egg-multipart/config/config.default.js",
    "start": 1587830915257,
    "end": 1587830915257,
    "duration": 0,
    "pid": 26193,
    "index": 11
  },
  {
    "name": "Require(9) node_modules/egg-development/config/config.default.js",
    "start": 1587830915258,
    "end": 1587830915258,
    "duration": 0,
    "pid": 26193,
    "index": 12
  },
  {
    "name": "Require(10) node_modules/egg-logrotator/config/config.default.js",
    "start": 1587830915258,
    "end": 1587830915259,
    "duration": 1,
    "pid": 26193,
    "index": 13
  },
  {
    "name": "Require(11) node_modules/egg-static/config/config.default.js",
    "start": 1587830915259,
    "end": 1587830915259,
    "duration": 0,
    "pid": 26193,
    "index": 14
  },
  {
    "name": "Require(12) node_modules/egg-view/config/config.default.js",
    "start": 1587830915259,
    "end": 1587830915260,
    "duration": 1,
    "pid": 26193,
    "index": 15
  },
  {
    "name": "Require(13) node_modules/_egg-mysql@3.0.0@egg-mysql/config/config.default.js",
    "start": 1587830915260,
    "end": 1587830915261,
    "duration": 1,
    "pid": 26193,
    "index": 16
  },
  {
    "name": "Require(14) node_modules/_egg-view-ejs@2.0.1@egg-view-ejs/config/config.default.js",
    "start": 1587830915261,
    "end": 1587830915261,
    "duration": 0,
    "pid": 26193,
    "index": 17
  },
  {
    "name": "Require(15) node_modules/egg/config/config.default.js",
    "start": 1587830915261,
    "end": 1587830915262,
    "duration": 1,
    "pid": 26193,
    "index": 18
  },
  {
    "name": "Require(16) config/config.default.js",
    "start": 1587830915263,
    "end": 1587830915263,
    "duration": 0,
    "pid": 26193,
    "index": 19
  },
  {
    "name": "Require(17) node_modules/egg-security/config/config.local.js",
    "start": 1587830915263,
    "end": 1587830915264,
    "duration": 1,
    "pid": 26193,
    "index": 20
  },
  {
    "name": "Require(18) node_modules/egg-watcher/config/config.local.js",
    "start": 1587830915264,
    "end": 1587830915264,
    "duration": 0,
    "pid": 26193,
    "index": 21
  },
  {
    "name": "Require(19) node_modules/egg-view/config/config.local.js",
    "start": 1587830915265,
    "end": 1587830915265,
    "duration": 0,
    "pid": 26193,
    "index": 22
  },
  {
    "name": "Require(20) node_modules/_egg-view-ejs@2.0.1@egg-view-ejs/config/config.local.js",
    "start": 1587830915265,
    "end": 1587830915266,
    "duration": 1,
    "pid": 26193,
    "index": 23
  },
  {
    "name": "Require(21) node_modules/egg/config/config.local.js",
    "start": 1587830915266,
    "end": 1587830915266,
    "duration": 0,
    "pid": 26193,
    "index": 24
  },
  {
    "name": "Load extend/application.js",
    "start": 1587830915267,
    "end": 1587830915273,
    "duration": 6,
    "pid": 26193,
    "index": 25
  },
  {
    "name": "Require(22) node_modules/egg-session/app/extend/application.js",
    "start": 1587830915267,
    "end": 1587830915267,
    "duration": 0,
    "pid": 26193,
    "index": 26
  },
  {
    "name": "Require(23) node_modules/egg-security/app/extend/application.js",
    "start": 1587830915268,
    "end": 1587830915268,
    "duration": 0,
    "pid": 26193,
    "index": 27
  },
  {
    "name": "Require(24) node_modules/egg-jsonp/app/extend/application.js",
    "start": 1587830915269,
    "end": 1587830915270,
    "duration": 1,
    "pid": 26193,
    "index": 28
  },
  {
    "name": "Require(25) node_modules/egg-logrotator/app/extend/application.js",
    "start": 1587830915270,
    "end": 1587830915271,
    "duration": 1,
    "pid": 26193,
    "index": 29
  },
  {
    "name": "Require(26) node_modules/egg-view/app/extend/application.js",
    "start": 1587830915271,
    "end": 1587830915272,
    "duration": 1,
    "pid": 26193,
    "index": 30
  },
  {
    "name": "Load extend/request.js",
    "start": 1587830915273,
    "end": 1587830915275,
    "duration": 2,
    "pid": 26193,
    "index": 31
  },
  {
    "name": "Require(27) node_modules/egg/app/extend/request.js",
    "start": 1587830915273,
    "end": 1587830915274,
    "duration": 1,
    "pid": 26193,
    "index": 32
  },
  {
    "name": "Load extend/response.js",
    "start": 1587830915275,
    "end": 1587830915277,
    "duration": 2,
    "pid": 26193,
    "index": 33
  },
  {
    "name": "Require(28) node_modules/egg/app/extend/response.js",
    "start": 1587830915275,
    "end": 1587830915276,
    "duration": 1,
    "pid": 26193,
    "index": 34
  },
  {
    "name": "Load extend/context.js",
    "start": 1587830915277,
    "end": 1587830915324,
    "duration": 47,
    "pid": 26193,
    "index": 35
  },
  {
    "name": "Require(29) node_modules/egg-security/app/extend/context.js",
    "start": 1587830915277,
    "end": 1587830915283,
    "duration": 6,
    "pid": 26193,
    "index": 36
  },
  {
    "name": "Require(30) node_modules/egg-jsonp/app/extend/context.js",
    "start": 1587830915283,
    "end": 1587830915285,
    "duration": 2,
    "pid": 26193,
    "index": 37
  },
  {
    "name": "Require(31) node_modules/egg-i18n/app/extend/context.js",
    "start": 1587830915285,
    "end": 1587830915285,
    "duration": 0,
    "pid": 26193,
    "index": 38
  },
  {
    "name": "Require(32) node_modules/egg-multipart/app/extend/context.js",
    "start": 1587830915285,
    "end": 1587830915319,
    "duration": 34,
    "pid": 26193,
    "index": 39
  },
  {
    "name": "Require(33) node_modules/egg-view/app/extend/context.js",
    "start": 1587830915320,
    "end": 1587830915321,
    "duration": 1,
    "pid": 26193,
    "index": 40
  },
  {
    "name": "Require(34) node_modules/egg/app/extend/context.js",
    "start": 1587830915321,
    "end": 1587830915323,
    "duration": 2,
    "pid": 26193,
    "index": 41
  },
  {
    "name": "Load extend/helper.js",
    "start": 1587830915324,
    "end": 1587830915345,
    "duration": 21,
    "pid": 26193,
    "index": 42
  },
  {
    "name": "Require(35) node_modules/egg-security/app/extend/helper.js",
    "start": 1587830915325,
    "end": 1587830915343,
    "duration": 18,
    "pid": 26193,
    "index": 43
  },
  {
    "name": "Require(36) node_modules/egg/app/extend/helper.js",
    "start": 1587830915344,
    "end": 1587830915344,
    "duration": 0,
    "pid": 26193,
    "index": 44
  },
  {
    "name": "Load app.js",
    "start": 1587830915346,
    "end": 1587830915408,
    "duration": 62,
    "pid": 26193,
    "index": 45
  },
  {
    "name": "Require(37) node_modules/egg-session/app.js",
    "start": 1587830915346,
    "end": 1587830915346,
    "duration": 0,
    "pid": 26193,
    "index": 46
  },
  {
    "name": "Require(38) node_modules/egg-security/app.js",
    "start": 1587830915346,
    "end": 1587830915348,
    "duration": 2,
    "pid": 26193,
    "index": 47
  },
  {
    "name": "Require(39) node_modules/egg-onerror/app.js",
    "start": 1587830915348,
    "end": 1587830915355,
    "duration": 7,
    "pid": 26193,
    "index": 48
  },
  {
    "name": "Require(40) node_modules/egg-i18n/app.js",
    "start": 1587830915355,
    "end": 1587830915366,
    "duration": 11,
    "pid": 26193,
    "index": 49
  },
  {
    "name": "Require(41) node_modules/egg-watcher/app.js",
    "start": 1587830915367,
    "end": 1587830915370,
    "duration": 3,
    "pid": 26193,
    "index": 50
  },
  {
    "name": "Require(42) node_modules/egg-schedule/app.js",
    "start": 1587830915370,
    "end": 1587830915371,
    "duration": 1,
    "pid": 26193,
    "index": 51
  },
  {
    "name": "Require(43) node_modules/egg-multipart/app.js",
    "start": 1587830915371,
    "end": 1587830915373,
    "duration": 2,
    "pid": 26193,
    "index": 52
  },
  {
    "name": "Require(44) node_modules/egg-development/app.js",
    "start": 1587830915373,
    "end": 1587830915374,
    "duration": 1,
    "pid": 26193,
    "index": 53
  },
  {
    "name": "Require(45) node_modules/egg-logrotator/app.js",
    "start": 1587830915374,
    "end": 1587830915374,
    "duration": 0,
    "pid": 26193,
    "index": 54
  },
  {
    "name": "Require(46) node_modules/egg-static/app.js",
    "start": 1587830915374,
    "end": 1587830915375,
    "duration": 1,
    "pid": 26193,
    "index": 55
  },
  {
    "name": "Require(47) node_modules/_egg-mysql@3.0.0@egg-mysql/app.js",
    "start": 1587830915375,
    "end": 1587830915401,
    "duration": 26,
    "pid": 26193,
    "index": 56
  },
  {
    "name": "Require(48) node_modules/_egg-view-ejs@2.0.1@egg-view-ejs/app.js",
    "start": 1587830915401,
    "end": 1587830915408,
    "duration": 7,
    "pid": 26193,
    "index": 57
  },
  {
    "name": "Before Start in node_modules/egg-watcher/lib/init.js:15:14",
    "start": 1587830915416,
    "end": 1587830915622,
    "duration": 206,
    "pid": 26193,
    "index": 58
  },
  {
    "name": "Before Start in node_modules/_egg-mysql@3.0.0@egg-mysql/lib/mysql.js:20:7",
    "start": 1587830915504,
    "end": 1587830915695,
    "duration": 191,
    "pid": 26193,
    "index": 59
  },
  {
    "name": "Load Service",
    "start": 1587830915508,
    "end": 1587830915513,
    "duration": 5,
    "pid": 26193,
    "index": 60
  },
  {
    "name": "Load \"service\" to Context",
    "start": 1587830915508,
    "end": 1587830915513,
    "duration": 5,
    "pid": 26193,
    "index": 61
  },
  {
    "name": "Load Middleware",
    "start": 1587830915513,
    "end": 1587830915582,
    "duration": 69,
    "pid": 26193,
    "index": 62
  },
  {
    "name": "Load \"middlewares\" to Application",
    "start": 1587830915513,
    "end": 1587830915575,
    "duration": 62,
    "pid": 26193,
    "index": 63
  },
  {
    "name": "Load Controller",
    "start": 1587830915582,
    "end": 1587830915605,
    "duration": 23,
    "pid": 26193,
    "index": 64
  },
  {
    "name": "Load \"controller\" to Application",
    "start": 1587830915582,
    "end": 1587830915605,
    "duration": 23,
    "pid": 26193,
    "index": 65
  },
  {
    "name": "Load Router",
    "start": 1587830915605,
    "end": 1587830915608,
    "duration": 3,
    "pid": 26193,
    "index": 66
  },
  {
    "name": "Require(49) app/router.js",
    "start": 1587830915606,
    "end": 1587830915606,
    "duration": 0,
    "pid": 26193,
    "index": 67
  },
  {
    "name": "Before Start in node_modules/egg-core/lib/egg.js:303:10",
    "start": 1587830915606,
    "end": 1587830915616,
    "duration": 10,
    "pid": 26193,
    "index": 68
  }
]