[
  {
    "name": "Application Start",
    "start": 1587831013781,
    "end": 1587831014195,
    "duration": 414,
    "pid": 26299,
    "index": 0
  },
  {
    "name": "Load Plugin",
    "start": 1587831013784,
    "end": 1587831013791,
    "duration": 7,
    "pid": 26299,
    "index": 1
  },
  {
    "name": "Load Config",
    "start": 1587831013791,
    "end": 1587831013804,
    "duration": 13,
    "pid": 26299,
    "index": 2
  },
  {
    "name": "Require(0) config/config.default.js",
    "start": 1587831013792,
    "end": 1587831013792,
    "duration": 0,
    "pid": 26299,
    "index": 3
  },
  {
    "name": "Require(1) node_modules/egg-session/config/config.default.js",
    "start": 1587831013793,
    "end": 1587831013793,
    "duration": 0,
    "pid": 26299,
    "index": 4
  },
  {
    "name": "Require(2) node_modules/egg-security/config/config.default.js",
    "start": 1587831013793,
    "end": 1587831013794,
    "duration": 1,
    "pid": 26299,
    "index": 5
  },
  {
    "name": "Require(3) node_modules/egg-jsonp/config/config.default.js",
    "start": 1587831013794,
    "end": 1587831013795,
    "duration": 1,
    "pid": 26299,
    "index": 6
  },
  {
    "name": "Require(4) node_modules/egg-onerror/config/config.default.js",
    "start": 1587831013795,
    "end": 1587831013795,
    "duration": 0,
    "pid": 26299,
    "index": 7
  },
  {
    "name": "Require(5) node_modules/egg-i18n/config/config.default.js",
    "start": 1587831013795,
    "end": 1587831013796,
    "duration": 1,
    "pid": 26299,
    "index": 8
  },
  {
    "name": "Require(6) node_modules/egg-watcher/config/config.default.js",
    "start": 1587831013796,
    "end": 1587831013796,
    "duration": 0,
    "pid": 26299,
    "index": 9
  },
  {
    "name": "Require(7) node_modules/egg-schedule/config/config.default.js",
    "start": 1587831013796,
    "end": 1587831013797,
    "duration": 1,
    "pid": 26299,
    "index": 10
  },
  {
    "name": "Require(8) node_modules/egg-multipart/config/config.default.js",
    "start": 1587831013797,
    "end": 1587831013797,
    "duration": 0,
    "pid": 26299,
    "index": 11
  },
  {
    "name": "Require(9) node_modules/egg-development/config/config.default.js",
    "start": 1587831013798,
    "end": 1587831013798,
    "duration": 0,
    "pid": 26299,
    "index": 12
  },
  {
    "name": "Require(10) node_modules/egg-logrotator/config/config.default.js",
    "start": 1587831013798,
    "end": 1587831013798,
    "duration": 0,
    "pid": 26299,
    "index": 13
  },
  {
    "name": "Require(11) node_modules/egg-static/config/config.default.js",
    "start": 1587831013799,
    "end": 1587831013799,
    "duration": 0,
    "pid": 26299,
    "index": 14
  },
  {
    "name": "Require(12) node_modules/egg-view/config/config.default.js",
    "start": 1587831013799,
    "end": 1587831013799,
    "duration": 0,
    "pid": 26299,
    "index": 15
  },
  {
    "name": "Require(13) node_modules/_egg-mysql@3.0.0@egg-mysql/config/config.default.js",
    "start": 1587831013800,
    "end": 1587831013800,
    "duration": 0,
    "pid": 26299,
    "index": 16
  },
  {
    "name": "Require(14) node_modules/_egg-view-ejs@2.0.1@egg-view-ejs/config/config.default.js",
    "start": 1587831013800,
    "end": 1587831013800,
    "duration": 0,
    "pid": 26299,
    "index": 17
  },
  {
    "name": "Require(15) node_modules/egg/config/config.default.js",
    "start": 1587831013801,
    "end": 1587831013801,
    "duration": 0,
    "pid": 26299,
    "index": 18
  },
  {
    "name": "Require(16) config/config.default.js",
    "start": 1587831013802,
    "end": 1587831013802,
    "duration": 0,
    "pid": 26299,
    "index": 19
  },
  {
    "name": "Require(17) node_modules/egg-security/config/config.local.js",
    "start": 1587831013802,
    "end": 1587831013802,
    "duration": 0,
    "pid": 26299,
    "index": 20
  },
  {
    "name": "Require(18) node_modules/egg-watcher/config/config.local.js",
    "start": 1587831013803,
    "end": 1587831013803,
    "duration": 0,
    "pid": 26299,
    "index": 21
  },
  {
    "name": "Require(19) node_modules/egg-view/config/config.local.js",
    "start": 1587831013803,
    "end": 1587831013804,
    "duration": 1,
    "pid": 26299,
    "index": 22
  },
  {
    "name": "Require(20) node_modules/_egg-view-ejs@2.0.1@egg-view-ejs/config/config.local.js",
    "start": 1587831013804,
    "end": 1587831013804,
    "duration": 0,
    "pid": 26299,
    "index": 23
  },
  {
    "name": "Require(21) node_modules/egg/config/config.local.js",
    "start": 1587831013804,
    "end": 1587831013804,
    "duration": 0,
    "pid": 26299,
    "index": 24
  },
  {
    "name": "Load extend/application.js",
    "start": 1587831013805,
    "end": 1587831013810,
    "duration": 5,
    "pid": 26299,
    "index": 25
  },
  {
    "name": "Require(22) node_modules/egg-session/app/extend/application.js",
    "start": 1587831013805,
    "end": 1587831013806,
    "duration": 1,
    "pid": 26299,
    "index": 26
  },
  {
    "name": "Require(23) node_modules/egg-security/app/extend/application.js",
    "start": 1587831013806,
    "end": 1587831013806,
    "duration": 0,
    "pid": 26299,
    "index": 27
  },
  {
    "name": "Require(24) node_modules/egg-jsonp/app/extend/application.js",
    "start": 1587831013807,
    "end": 1587831013807,
    "duration": 0,
    "pid": 26299,
    "index": 28
  },
  {
    "name": "Require(25) node_modules/egg-logrotator/app/extend/application.js",
    "start": 1587831013808,
    "end": 1587831013808,
    "duration": 0,
    "pid": 26299,
    "index": 29
  },
  {
    "name": "Require(26) node_modules/egg-view/app/extend/application.js",
    "start": 1587831013809,
    "end": 1587831013809,
    "duration": 0,
    "pid": 26299,
    "index": 30
  },
  {
    "name": "Load extend/request.js",
    "start": 1587831013810,
    "end": 1587831013813,
    "duration": 3,
    "pid": 26299,
    "index": 31
  },
  {
    "name": "Require(27) node_modules/egg/app/extend/request.js",
    "start": 1587831013811,
    "end": 1587831013812,
    "duration": 1,
    "pid": 26299,
    "index": 32
  },
  {
    "name": "Load extend/response.js",
    "start": 1587831013813,
    "end": 1587831013815,
    "duration": 2,
    "pid": 26299,
    "index": 33
  },
  {
    "name": "Require(28) node_modules/egg/app/extend/response.js",
    "start": 1587831013814,
    "end": 1587831013814,
    "duration": 0,
    "pid": 26299,
    "index": 34
  },
  {
    "name": "Load extend/context.js",
    "start": 1587831013815,
    "end": 1587831013852,
    "duration": 37,
    "pid": 26299,
    "index": 35
  },
  {
    "name": "Require(29) node_modules/egg-security/app/extend/context.js",
    "start": 1587831013815,
    "end": 1587831013819,
    "duration": 4,
    "pid": 26299,
    "index": 36
  },
  {
    "name": "Require(30) node_modules/egg-jsonp/app/extend/context.js",
    "start": 1587831013819,
    "end": 1587831013820,
    "duration": 1,
    "pid": 26299,
    "index": 37
  },
  {
    "name": "Require(31) node_modules/egg-i18n/app/extend/context.js",
    "start": 1587831013820,
    "end": 1587831013820,
    "duration": 0,
    "pid": 26299,
    "index": 38
  },
  {
    "name": "Require(32) node_modules/egg-multipart/app/extend/context.js",
    "start": 1587831013821,
    "end": 1587831013848,
    "duration": 27,
    "pid": 26299,
    "index": 39
  },
  {
    "name": "Require(33) node_modules/egg-view/app/extend/context.js",
    "start": 1587831013849,
    "end": 1587831013849,
    "duration": 0,
    "pid": 26299,
    "index": 40
  },
  {
    "name": "Require(34) node_modules/egg/app/extend/context.js",
    "start": 1587831013850,
    "end": 1587831013851,
    "duration": 1,
    "pid": 26299,
    "index": 41
  },
  {
    "name": "Load extend/helper.js",
    "start": 1587831013852,
    "end": 1587831013865,
    "duration": 13,
    "pid": 26299,
    "index": 42
  },
  {
    "name": "Require(35) node_modules/egg-security/app/extend/helper.js",
    "start": 1587831013852,
    "end": 1587831013863,
    "duration": 11,
    "pid": 26299,
    "index": 43
  },
  {
    "name": "Require(36) node_modules/egg/app/extend/helper.js",
    "start": 1587831013864,
    "end": 1587831013864,
    "duration": 0,
    "pid": 26299,
    "index": 44
  },
  {
    "name": "Load app.js",
    "start": 1587831013865,
    "end": 1587831013892,
    "duration": 27,
    "pid": 26299,
    "index": 45
  },
  {
    "name": "Require(37) node_modules/egg-session/app.js",
    "start": 1587831013865,
    "end": 1587831013866,
    "duration": 1,
    "pid": 26299,
    "index": 46
  },
  {
    "name": "Require(38) node_modules/egg-security/app.js",
    "start": 1587831013866,
    "end": 1587831013867,
    "duration": 1,
    "pid": 26299,
    "index": 47
  },
  {
    "name": "Require(39) node_modules/egg-onerror/app.js",
    "start": 1587831013867,
    "end": 1587831013871,
    "duration": 4,
    "pid": 26299,
    "index": 48
  },
  {
    "name": "Require(40) node_modules/egg-i18n/app.js",
    "start": 1587831013871,
    "end": 1587831013878,
    "duration": 7,
    "pid": 26299,
    "index": 49
  },
  {
    "name": "Require(41) node_modules/egg-watcher/app.js",
    "start": 1587831013878,
    "end": 1587831013879,
    "duration": 1,
    "pid": 26299,
    "index": 50
  },
  {
    "name": "Require(42) node_modules/egg-schedule/app.js",
    "start": 1587831013879,
    "end": 1587831013880,
    "duration": 1,
    "pid": 26299,
    "index": 51
  },
  {
    "name": "Require(43) node_modules/egg-multipart/app.js",
    "start": 1587831013880,
    "end": 1587831013881,
    "duration": 1,
    "pid": 26299,
    "index": 52
  },
  {
    "name": "Require(44) node_modules/egg-development/app.js",
    "start": 1587831013882,
    "end": 1587831013882,
    "duration": 0,
    "pid": 26299,
    "index": 53
  },
  {
    "name": "Require(45) node_modules/egg-logrotator/app.js",
    "start": 1587831013882,
    "end": 1587831013882,
    "duration": 0,
    "pid": 26299,
    "index": 54
  },
  {
    "name": "Require(46) node_modules/egg-static/app.js",
    "start": 1587831013882,
    "end": 1587831013882,
    "duration": 0,
    "pid": 26299,
    "index": 55
  },
  {
    "name": "Require(47) node_modules/_egg-mysql@3.0.0@egg-mysql/app.js",
    "start": 1587831013883,
    "end": 1587831013891,
    "duration": 8,
    "pid": 26299,
    "index": 56
  },
  {
    "name": "Require(48) node_modules/_egg-view-ejs@2.0.1@egg-view-ejs/app.js",
    "start": 1587831013891,
    "end": 1587831013891,
    "duration": 0,
    "pid": 26299,
    "index": 57
  },
  {
    "name": "Before Start in node_modules/egg-watcher/lib/init.js:15:14",
    "start": 1587831013899,
    "end": 1587831014045,
    "duration": 146,
    "pid": 26299,
    "index": 58
  },
  {
    "name": "Before Start in node_modules/_egg-mysql@3.0.0@egg-mysql/lib/mysql.js:20:7",
    "start": 1587831013967,
    "end": 1587831014194,
    "duration": 227,
    "pid": 26299,
    "index": 59
  },
  {
    "name": "Load Service",
    "start": 1587831013970,
    "end": 1587831013974,
    "duration": 4,
    "pid": 26299,
    "index": 60
  },
  {
    "name": "Load \"service\" to Context",
    "start": 1587831013970,
    "end": 1587831013974,
    "duration": 4,
    "pid": 26299,
    "index": 61
  },
  {
    "name": "Load Middleware",
    "start": 1587831013974,
    "end": 1587831014013,
    "duration": 39,
    "pid": 26299,
    "index": 62
  },
  {
    "name": "Load \"middlewares\" to Application",
    "start": 1587831013974,
    "end": 1587831014008,
    "duration": 34,
    "pid": 26299,
    "index": 63
  },
  {
    "name": "Load Controller",
    "start": 1587831014013,
    "end": 1587831014028,
    "duration": 15,
    "pid": 26299,
    "index": 64
  },
  {
    "name": "Load \"controller\" to Application",
    "start": 1587831014013,
    "end": 1587831014028,
    "duration": 15,
    "pid": 26299,
    "index": 65
  },
  {
    "name": "Load Router",
    "start": 1587831014028,
    "end": 1587831014030,
    "duration": 2,
    "pid": 26299,
    "index": 66
  },
  {
    "name": "Require(49) app/router.js",
    "start": 1587831014029,
    "end": 1587831014029,
    "duration": 0,
    "pid": 26299,
    "index": 67
  },
  {
    "name": "Before Start in node_modules/egg-core/lib/egg.js:303:10",
    "start": 1587831014029,
    "end": 1587831014039,
    "duration": 10,
    "pid": 26299,
    "index": 68
  }
]