[
  {
    "name": "Application Start",
    "start": 1587830772902,
    "end": 1587830773419,
    "duration": 517,
    "pid": 26113,
    "index": 0
  },
  {
    "name": "Load Plugin",
    "start": 1587830772905,
    "end": 1587830772915,
    "duration": 10,
    "pid": 26113,
    "index": 1
  },
  {
    "name": "Load Config",
    "start": 1587830772915,
    "end": 1587830772932,
    "duration": 17,
    "pid": 26113,
    "index": 2
  },
  {
    "name": "Require(0) config/config.default.js",
    "start": 1587830772916,
    "end": 1587830772916,
    "duration": 0,
    "pid": 26113,
    "index": 3
  },
  {
    "name": "Require(1) node_modules/egg-session/config/config.default.js",
    "start": 1587830772917,
    "end": 1587830772917,
    "duration": 0,
    "pid": 26113,
    "index": 4
  },
  {
    "name": "Require(2) node_modules/egg-security/config/config.default.js",
    "start": 1587830772918,
    "end": 1587830772918,
    "duration": 0,
    "pid": 26113,
    "index": 5
  },
  {
    "name": "Require(3) node_modules/egg-jsonp/config/config.default.js",
    "start": 1587830772919,
    "end": 1587830772919,
    "duration": 0,
    "pid": 26113,
    "index": 6
  },
  {
    "name": "Require(4) node_modules/egg-onerror/config/config.default.js",
    "start": 1587830772919,
    "end": 1587830772920,
    "duration": 1,
    "pid": 26113,
    "index": 7
  },
  {
    "name": "Require(5) node_modules/egg-i18n/config/config.default.js",
    "start": 1587830772920,
    "end": 1587830772921,
    "duration": 1,
    "pid": 26113,
    "index": 8
  },
  {
    "name": "Require(6) node_modules/egg-watcher/config/config.default.js",
    "start": 1587830772921,
    "end": 1587830772922,
    "duration": 1,
    "pid": 26113,
    "index": 9
  },
  {
    "name": "Require(7) node_modules/egg-schedule/config/config.default.js",
    "start": 1587830772922,
    "end": 1587830772922,
    "duration": 0,
    "pid": 26113,
    "index": 10
  },
  {
    "name": "Require(8) node_modules/egg-multipart/config/config.default.js",
    "start": 1587830772922,
    "end": 1587830772923,
    "duration": 1,
    "pid": 26113,
    "index": 11
  },
  {
    "name": "Require(9) node_modules/egg-development/config/config.default.js",
    "start": 1587830772923,
    "end": 1587830772924,
    "duration": 1,
    "pid": 26113,
    "index": 12
  },
  {
    "name": "Require(10) node_modules/egg-logrotator/config/config.default.js",
    "start": 1587830772924,
    "end": 1587830772924,
    "duration": 0,
    "pid": 26113,
    "index": 13
  },
  {
    "name": "Require(11) node_modules/egg-static/config/config.default.js",
    "start": 1587830772924,
    "end": 1587830772925,
    "duration": 1,
    "pid": 26113,
    "index": 14
  },
  {
    "name": "Require(12) node_modules/egg-view/config/config.default.js",
    "start": 1587830772925,
    "end": 1587830772926,
    "duration": 1,
    "pid": 26113,
    "index": 15
  },
  {
    "name": "Require(13) node_modules/_egg-mysql@3.0.0@egg-mysql/config/config.default.js",
    "start": 1587830772926,
    "end": 1587830772926,
    "duration": 0,
    "pid": 26113,
    "index": 16
  },
  {
    "name": "Require(14) node_modules/_egg-view-ejs@2.0.1@egg-view-ejs/config/config.default.js",
    "start": 1587830772927,
    "end": 1587830772927,
    "duration": 0,
    "pid": 26113,
    "index": 17
  },
  {
    "name": "Require(15) node_modules/egg/config/config.default.js",
    "start": 1587830772927,
    "end": 1587830772928,
    "duration": 1,
    "pid": 26113,
    "index": 18
  },
  {
    "name": "Require(16) config/config.default.js",
    "start": 1587830772929,
    "end": 1587830772929,
    "duration": 0,
    "pid": 26113,
    "index": 19
  },
  {
    "name": "Require(17) node_modules/egg-security/config/config.local.js",
    "start": 1587830772929,
    "end": 1587830772930,
    "duration": 1,
    "pid": 26113,
    "index": 20
  },
  {
    "name": "Require(18) node_modules/egg-watcher/config/config.local.js",
    "start": 1587830772930,
    "end": 1587830772930,
    "duration": 0,
    "pid": 26113,
    "index": 21
  },
  {
    "name": "Require(19) node_modules/egg-view/config/config.local.js",
    "start": 1587830772931,
    "end": 1587830772931,
    "duration": 0,
    "pid": 26113,
    "index": 22
  },
  {
    "name": "Require(20) node_modules/_egg-view-ejs@2.0.1@egg-view-ejs/config/config.local.js",
    "start": 1587830772931,
    "end": 1587830772932,
    "duration": 1,
    "pid": 26113,
    "index": 23
  },
  {
    "name": "Require(21) node_modules/egg/config/config.local.js",
    "start": 1587830772932,
    "end": 1587830772932,
    "duration": 0,
    "pid": 26113,
    "index": 24
  },
  {
    "name": "Load extend/application.js",
    "start": 1587830772933,
    "end": 1587830772940,
    "duration": 7,
    "pid": 26113,
    "index": 25
  },
  {
    "name": "Require(22) node_modules/egg-session/app/extend/application.js",
    "start": 1587830772933,
    "end": 1587830772934,
    "duration": 1,
    "pid": 26113,
    "index": 26
  },
  {
    "name": "Require(23) node_modules/egg-security/app/extend/application.js",
    "start": 1587830772934,
    "end": 1587830772935,
    "duration": 1,
    "pid": 26113,
    "index": 27
  },
  {
    "name": "Require(24) node_modules/egg-jsonp/app/extend/application.js",
    "start": 1587830772935,
    "end": 1587830772936,
    "duration": 1,
    "pid": 26113,
    "index": 28
  },
  {
    "name": "Require(25) node_modules/egg-logrotator/app/extend/application.js",
    "start": 1587830772937,
    "end": 1587830772938,
    "duration": 1,
    "pid": 26113,
    "index": 29
  },
  {
    "name": "Require(26) node_modules/egg-view/app/extend/application.js",
    "start": 1587830772938,
    "end": 1587830772939,
    "duration": 1,
    "pid": 26113,
    "index": 30
  },
  {
    "name": "Load extend/request.js",
    "start": 1587830772940,
    "end": 1587830772942,
    "duration": 2,
    "pid": 26113,
    "index": 31
  },
  {
    "name": "Require(27) node_modules/egg/app/extend/request.js",
    "start": 1587830772941,
    "end": 1587830772942,
    "duration": 1,
    "pid": 26113,
    "index": 32
  },
  {
    "name": "Load extend/response.js",
    "start": 1587830772942,
    "end": 1587830772945,
    "duration": 3,
    "pid": 26113,
    "index": 33
  },
  {
    "name": "Require(28) node_modules/egg/app/extend/response.js",
    "start": 1587830772943,
    "end": 1587830772945,
    "duration": 2,
    "pid": 26113,
    "index": 34
  },
  {
    "name": "Load extend/context.js",
    "start": 1587830772945,
    "end": 1587830772991,
    "duration": 46,
    "pid": 26113,
    "index": 35
  },
  {
    "name": "Require(29) node_modules/egg-security/app/extend/context.js",
    "start": 1587830772946,
    "end": 1587830772953,
    "duration": 7,
    "pid": 26113,
    "index": 36
  },
  {
    "name": "Require(30) node_modules/egg-jsonp/app/extend/context.js",
    "start": 1587830772953,
    "end": 1587830772954,
    "duration": 1,
    "pid": 26113,
    "index": 37
  },
  {
    "name": "Require(31) node_modules/egg-i18n/app/extend/context.js",
    "start": 1587830772954,
    "end": 1587830772955,
    "duration": 1,
    "pid": 26113,
    "index": 38
  },
  {
    "name": "Require(32) node_modules/egg-multipart/app/extend/context.js",
    "start": 1587830772955,
    "end": 1587830772987,
    "duration": 32,
    "pid": 26113,
    "index": 39
  },
  {
    "name": "Require(33) node_modules/egg-view/app/extend/context.js",
    "start": 1587830772987,
    "end": 1587830772988,
    "duration": 1,
    "pid": 26113,
    "index": 40
  },
  {
    "name": "Require(34) node_modules/egg/app/extend/context.js",
    "start": 1587830772988,
    "end": 1587830772990,
    "duration": 2,
    "pid": 26113,
    "index": 41
  },
  {
    "name": "Load extend/helper.js",
    "start": 1587830772991,
    "end": 1587830773011,
    "duration": 20,
    "pid": 26113,
    "index": 42
  },
  {
    "name": "Require(35) node_modules/egg-security/app/extend/helper.js",
    "start": 1587830772991,
    "end": 1587830773008,
    "duration": 17,
    "pid": 26113,
    "index": 43
  },
  {
    "name": "Require(36) node_modules/egg/app/extend/helper.js",
    "start": 1587830773009,
    "end": 1587830773010,
    "duration": 1,
    "pid": 26113,
    "index": 44
  },
  {
    "name": "Load app.js",
    "start": 1587830773011,
    "end": 1587830773067,
    "duration": 56,
    "pid": 26113,
    "index": 45
  },
  {
    "name": "Require(37) node_modules/egg-session/app.js",
    "start": 1587830773011,
    "end": 1587830773012,
    "duration": 1,
    "pid": 26113,
    "index": 46
  },
  {
    "name": "Require(38) node_modules/egg-security/app.js",
    "start": 1587830773012,
    "end": 1587830773014,
    "duration": 2,
    "pid": 26113,
    "index": 47
  },
  {
    "name": "Require(39) node_modules/egg-onerror/app.js",
    "start": 1587830773014,
    "end": 1587830773022,
    "duration": 8,
    "pid": 26113,
    "index": 48
  },
  {
    "name": "Require(40) node_modules/egg-i18n/app.js",
    "start": 1587830773022,
    "end": 1587830773035,
    "duration": 13,
    "pid": 26113,
    "index": 49
  },
  {
    "name": "Require(41) node_modules/egg-watcher/app.js",
    "start": 1587830773035,
    "end": 1587830773039,
    "duration": 4,
    "pid": 26113,
    "index": 50
  },
  {
    "name": "Require(42) node_modules/egg-schedule/app.js",
    "start": 1587830773039,
    "end": 1587830773041,
    "duration": 2,
    "pid": 26113,
    "index": 51
  },
  {
    "name": "Require(43) node_modules/egg-multipart/app.js",
    "start": 1587830773041,
    "end": 1587830773045,
    "duration": 4,
    "pid": 26113,
    "index": 52
  },
  {
    "name": "Require(44) node_modules/egg-development/app.js",
    "start": 1587830773045,
    "end": 1587830773045,
    "duration": 0,
    "pid": 26113,
    "index": 53
  },
  {
    "name": "Require(45) node_modules/egg-logrotator/app.js",
    "start": 1587830773046,
    "end": 1587830773046,
    "duration": 0,
    "pid": 26113,
    "index": 54
  },
  {
    "name": "Require(46) node_modules/egg-static/app.js",
    "start": 1587830773046,
    "end": 1587830773047,
    "duration": 1,
    "pid": 26113,
    "index": 55
  },
  {
    "name": "Require(47) node_modules/_egg-mysql@3.0.0@egg-mysql/app.js",
    "start": 1587830773047,
    "end": 1587830773066,
    "duration": 19,
    "pid": 26113,
    "index": 56
  },
  {
    "name": "Require(48) node_modules/_egg-view-ejs@2.0.1@egg-view-ejs/app.js",
    "start": 1587830773066,
    "end": 1587830773066,
    "duration": 0,
    "pid": 26113,
    "index": 57
  },
  {
    "name": "Before Start in node_modules/egg-watcher/lib/init.js:15:14",
    "start": 1587830773086,
    "end": 1587830773327,
    "duration": 241,
    "pid": 26113,
    "index": 58
  },
  {
    "name": "Before Start in node_modules/_egg-mysql@3.0.0@egg-mysql/lib/mysql.js:20:7",
    "start": 1587830773203,
    "end": 1587830773418,
    "duration": 215,
    "pid": 26113,
    "index": 59
  },
  {
    "name": "Load Service",
    "start": 1587830773207,
    "end": 1587830773212,
    "duration": 5,
    "pid": 26113,
    "index": 60
  },
  {
    "name": "Load \"service\" to Context",
    "start": 1587830773207,
    "end": 1587830773212,
    "duration": 5,
    "pid": 26113,
    "index": 61
  },
  {
    "name": "Load Middleware",
    "start": 1587830773212,
    "end": 1587830773282,
    "duration": 70,
    "pid": 26113,
    "index": 62
  },
  {
    "name": "Load \"middlewares\" to Application",
    "start": 1587830773212,
    "end": 1587830773274,
    "duration": 62,
    "pid": 26113,
    "index": 63
  },
  {
    "name": "Load Controller",
    "start": 1587830773282,
    "end": 1587830773308,
    "duration": 26,
    "pid": 26113,
    "index": 64
  },
  {
    "name": "Load \"controller\" to Application",
    "start": 1587830773282,
    "end": 1587830773308,
    "duration": 26,
    "pid": 26113,
    "index": 65
  },
  {
    "name": "Load Router",
    "start": 1587830773308,
    "end": 1587830773310,
    "duration": 2,
    "pid": 26113,
    "index": 66
  },
  {
    "name": "Require(49) app/router.js",
    "start": 1587830773308,
    "end": 1587830773308,
    "duration": 0,
    "pid": 26113,
    "index": 67
  },
  {
    "name": "Before Start in node_modules/egg-core/lib/egg.js:303:10",
    "start": 1587830773308,
    "end": 1587830773320,
    "duration": 12,
    "pid": 26113,
    "index": 68
  }
]