[
  {
    "name": "Application Start",
    "start": 1587830632577,
    "end": 1587830633045,
    "duration": 468,
    "pid": 26005,
    "index": 0
  },
  {
    "name": "Load Plugin",
    "start": 1587830632581,
    "end": 1587830632593,
    "duration": 12,
    "pid": 26005,
    "index": 1
  },
  {
    "name": "Load Config",
    "start": 1587830632593,
    "end": 1587830632611,
    "duration": 18,
    "pid": 26005,
    "index": 2
  },
  {
    "name": "Require(0) config/config.default.js",
    "start": 1587830632593,
    "end": 1587830632594,
    "duration": 1,
    "pid": 26005,
    "index": 3
  },
  {
    "name": "Require(1) node_modules/egg-session/config/config.default.js",
    "start": 1587830632595,
    "end": 1587830632595,
    "duration": 0,
    "pid": 26005,
    "index": 4
  },
  {
    "name": "Require(2) node_modules/egg-security/config/config.default.js",
    "start": 1587830632595,
    "end": 1587830632596,
    "duration": 1,
    "pid": 26005,
    "index": 5
  },
  {
    "name": "Require(3) node_modules/egg-jsonp/config/config.default.js",
    "start": 1587830632596,
    "end": 1587830632597,
    "duration": 1,
    "pid": 26005,
    "index": 6
  },
  {
    "name": "Require(4) node_modules/egg-onerror/config/config.default.js",
    "start": 1587830632597,
    "end": 1587830632598,
    "duration": 1,
    "pid": 26005,
    "index": 7
  },
  {
    "name": "Require(5) node_modules/egg-i18n/config/config.default.js",
    "start": 1587830632598,
    "end": 1587830632599,
    "duration": 1,
    "pid": 26005,
    "index": 8
  },
  {
    "name": "Require(6) node_modules/egg-watcher/config/config.default.js",
    "start": 1587830632599,
    "end": 1587830632599,
    "duration": 0,
    "pid": 26005,
    "index": 9
  },
  {
    "name": "Require(7) node_modules/egg-schedule/config/config.default.js",
    "start": 1587830632600,
    "end": 1587830632600,
    "duration": 0,
    "pid": 26005,
    "index": 10
  },
  {
    "name": "Require(8) node_modules/egg-multipart/config/config.default.js",
    "start": 1587830632600,
    "end": 1587830632601,
    "duration": 1,
    "pid": 26005,
    "index": 11
  },
  {
    "name": "Require(9) node_modules/egg-development/config/config.default.js",
    "start": 1587830632601,
    "end": 1587830632602,
    "duration": 1,
    "pid": 26005,
    "index": 12
  },
  {
    "name": "Require(10) node_modules/egg-logrotator/config/config.default.js",
    "start": 1587830632602,
    "end": 1587830632603,
    "duration": 1,
    "pid": 26005,
    "index": 13
  },
  {
    "name": "Require(11) node_modules/egg-static/config/config.default.js",
    "start": 1587830632603,
    "end": 1587830632603,
    "duration": 0,
    "pid": 26005,
    "index": 14
  },
  {
    "name": "Require(12) node_modules/egg-view/config/config.default.js",
    "start": 1587830632604,
    "end": 1587830632604,
    "duration": 0,
    "pid": 26005,
    "index": 15
  },
  {
    "name": "Require(13) node_modules/_egg-mysql@3.0.0@egg-mysql/config/config.default.js",
    "start": 1587830632604,
    "end": 1587830632605,
    "duration": 1,
    "pid": 26005,
    "index": 16
  },
  {
    "name": "Require(14) node_modules/_egg-view-ejs@2.0.1@egg-view-ejs/config/config.default.js",
    "start": 1587830632605,
    "end": 1587830632606,
    "duration": 1,
    "pid": 26005,
    "index": 17
  },
  {
    "name": "Require(15) node_modules/egg/config/config.default.js",
    "start": 1587830632606,
    "end": 1587830632606,
    "duration": 0,
    "pid": 26005,
    "index": 18
  },
  {
    "name": "Require(16) config/config.default.js",
    "start": 1587830632608,
    "end": 1587830632608,
    "duration": 0,
    "pid": 26005,
    "index": 19
  },
  {
    "name": "Require(17) node_modules/egg-security/config/config.local.js",
    "start": 1587830632608,
    "end": 1587830632608,
    "duration": 0,
    "pid": 26005,
    "index": 20
  },
  {
    "name": "Require(18) node_modules/egg-watcher/config/config.local.js",
    "start": 1587830632609,
    "end": 1587830632609,
    "duration": 0,
    "pid": 26005,
    "index": 21
  },
  {
    "name": "Require(19) node_modules/egg-view/config/config.local.js",
    "start": 1587830632610,
    "end": 1587830632610,
    "duration": 0,
    "pid": 26005,
    "index": 22
  },
  {
    "name": "Require(20) node_modules/_egg-view-ejs@2.0.1@egg-view-ejs/config/config.local.js",
    "start": 1587830632610,
    "end": 1587830632611,
    "duration": 1,
    "pid": 26005,
    "index": 23
  },
  {
    "name": "Require(21) node_modules/egg/config/config.local.js",
    "start": 1587830632611,
    "end": 1587830632611,
    "duration": 0,
    "pid": 26005,
    "index": 24
  },
  {
    "name": "Load extend/application.js",
    "start": 1587830632612,
    "end": 1587830632620,
    "duration": 8,
    "pid": 26005,
    "index": 25
  },
  {
    "name": "Require(22) node_modules/egg-session/app/extend/application.js",
    "start": 1587830632613,
    "end": 1587830632613,
    "duration": 0,
    "pid": 26005,
    "index": 26
  },
  {
    "name": "Require(23) node_modules/egg-security/app/extend/application.js",
    "start": 1587830632613,
    "end": 1587830632614,
    "duration": 1,
    "pid": 26005,
    "index": 27
  },
  {
    "name": "Require(24) node_modules/egg-jsonp/app/extend/application.js",
    "start": 1587830632615,
    "end": 1587830632616,
    "duration": 1,
    "pid": 26005,
    "index": 28
  },
  {
    "name": "Require(25) node_modules/egg-logrotator/app/extend/application.js",
    "start": 1587830632616,
    "end": 1587830632617,
    "duration": 1,
    "pid": 26005,
    "index": 29
  },
  {
    "name": "Require(26) node_modules/egg-view/app/extend/application.js",
    "start": 1587830632617,
    "end": 1587830632619,
    "duration": 2,
    "pid": 26005,
    "index": 30
  },
  {
    "name": "Load extend/request.js",
    "start": 1587830632620,
    "end": 1587830632622,
    "duration": 2,
    "pid": 26005,
    "index": 31
  },
  {
    "name": "Require(27) node_modules/egg/app/extend/request.js",
    "start": 1587830632620,
    "end": 1587830632621,
    "duration": 1,
    "pid": 26005,
    "index": 32
  },
  {
    "name": "Load extend/response.js",
    "start": 1587830632622,
    "end": 1587830632625,
    "duration": 3,
    "pid": 26005,
    "index": 33
  },
  {
    "name": "Require(28) node_modules/egg/app/extend/response.js",
    "start": 1587830632623,
    "end": 1587830632624,
    "duration": 1,
    "pid": 26005,
    "index": 34
  },
  {
    "name": "Load extend/context.js",
    "start": 1587830632625,
    "end": 1587830632674,
    "duration": 49,
    "pid": 26005,
    "index": 35
  },
  {
    "name": "Require(29) node_modules/egg-security/app/extend/context.js",
    "start": 1587830632626,
    "end": 1587830632634,
    "duration": 8,
    "pid": 26005,
    "index": 36
  },
  {
    "name": "Require(30) node_modules/egg-jsonp/app/extend/context.js",
    "start": 1587830632634,
    "end": 1587830632636,
    "duration": 2,
    "pid": 26005,
    "index": 37
  },
  {
    "name": "Require(31) node_modules/egg-i18n/app/extend/context.js",
    "start": 1587830632636,
    "end": 1587830632636,
    "duration": 0,
    "pid": 26005,
    "index": 38
  },
  {
    "name": "Require(32) node_modules/egg-multipart/app/extend/context.js",
    "start": 1587830632637,
    "end": 1587830632669,
    "duration": 32,
    "pid": 26005,
    "index": 39
  },
  {
    "name": "Require(33) node_modules/egg-view/app/extend/context.js",
    "start": 1587830632670,
    "end": 1587830632671,
    "duration": 1,
    "pid": 26005,
    "index": 40
  },
  {
    "name": "Require(34) node_modules/egg/app/extend/context.js",
    "start": 1587830632671,
    "end": 1587830632673,
    "duration": 2,
    "pid": 26005,
    "index": 41
  },
  {
    "name": "Load extend/helper.js",
    "start": 1587830632674,
    "end": 1587830632692,
    "duration": 18,
    "pid": 26005,
    "index": 42
  },
  {
    "name": "Require(35) node_modules/egg-security/app/extend/helper.js",
    "start": 1587830632674,
    "end": 1587830632690,
    "duration": 16,
    "pid": 26005,
    "index": 43
  },
  {
    "name": "Require(36) node_modules/egg/app/extend/helper.js",
    "start": 1587830632691,
    "end": 1587830632692,
    "duration": 1,
    "pid": 26005,
    "index": 44
  },
  {
    "name": "Load app.js",
    "start": 1587830632693,
    "end": 1587830632763,
    "duration": 70,
    "pid": 26005,
    "index": 45
  },
  {
    "name": "Require(37) node_modules/egg-session/app.js",
    "start": 1587830632693,
    "end": 1587830632693,
    "duration": 0,
    "pid": 26005,
    "index": 46
  },
  {
    "name": "Require(38) node_modules/egg-security/app.js",
    "start": 1587830632694,
    "end": 1587830632695,
    "duration": 1,
    "pid": 26005,
    "index": 47
  },
  {
    "name": "Require(39) node_modules/egg-onerror/app.js",
    "start": 1587830632695,
    "end": 1587830632702,
    "duration": 7,
    "pid": 26005,
    "index": 48
  },
  {
    "name": "Require(40) node_modules/egg-i18n/app.js",
    "start": 1587830632702,
    "end": 1587830632738,
    "duration": 36,
    "pid": 26005,
    "index": 49
  },
  {
    "name": "Require(41) node_modules/egg-watcher/app.js",
    "start": 1587830632738,
    "end": 1587830632741,
    "duration": 3,
    "pid": 26005,
    "index": 50
  },
  {
    "name": "Require(42) node_modules/egg-schedule/app.js",
    "start": 1587830632741,
    "end": 1587830632742,
    "duration": 1,
    "pid": 26005,
    "index": 51
  },
  {
    "name": "Require(43) node_modules/egg-multipart/app.js",
    "start": 1587830632742,
    "end": 1587830632744,
    "duration": 2,
    "pid": 26005,
    "index": 52
  },
  {
    "name": "Require(44) node_modules/egg-development/app.js",
    "start": 1587830632744,
    "end": 1587830632745,
    "duration": 1,
    "pid": 26005,
    "index": 53
  },
  {
    "name": "Require(45) node_modules/egg-logrotator/app.js",
    "start": 1587830632745,
    "end": 1587830632745,
    "duration": 0,
    "pid": 26005,
    "index": 54
  },
  {
    "name": "Require(46) node_modules/egg-static/app.js",
    "start": 1587830632745,
    "end": 1587830632746,
    "duration": 1,
    "pid": 26005,
    "index": 55
  },
  {
    "name": "Require(47) node_modules/_egg-mysql@3.0.0@egg-mysql/app.js",
    "start": 1587830632746,
    "end": 1587830632762,
    "duration": 16,
    "pid": 26005,
    "index": 56
  },
  {
    "name": "Require(48) node_modules/_egg-view-ejs@2.0.1@egg-view-ejs/app.js",
    "start": 1587830632762,
    "end": 1587830632763,
    "duration": 1,
    "pid": 26005,
    "index": 57
  },
  {
    "name": "Before Start in node_modules/egg-watcher/lib/init.js:15:14",
    "start": 1587830632770,
    "end": 1587830632978,
    "duration": 208,
    "pid": 26005,
    "index": 58
  },
  {
    "name": "Before Start in node_modules/_egg-mysql@3.0.0@egg-mysql/lib/mysql.js:20:7",
    "start": 1587830632860,
    "end": 1587830633045,
    "duration": 185,
    "pid": 26005,
    "index": 59
  },
  {
    "name": "Load Service",
    "start": 1587830632864,
    "end": 1587830632868,
    "duration": 4,
    "pid": 26005,
    "index": 60
  },
  {
    "name": "Load \"service\" to Context",
    "start": 1587830632864,
    "end": 1587830632868,
    "duration": 4,
    "pid": 26005,
    "index": 61
  },
  {
    "name": "Load Middleware",
    "start": 1587830632869,
    "end": 1587830632937,
    "duration": 68,
    "pid": 26005,
    "index": 62
  },
  {
    "name": "Load \"middlewares\" to Application",
    "start": 1587830632869,
    "end": 1587830632930,
    "duration": 61,
    "pid": 26005,
    "index": 63
  },
  {
    "name": "Load Controller",
    "start": 1587830632937,
    "end": 1587830632961,
    "duration": 24,
    "pid": 26005,
    "index": 64
  },
  {
    "name": "Load \"controller\" to Application",
    "start": 1587830632937,
    "end": 1587830632961,
    "duration": 24,
    "pid": 26005,
    "index": 65
  },
  {
    "name": "Load Router",
    "start": 1587830632961,
    "end": 1587830632963,
    "duration": 2,
    "pid": 26005,
    "index": 66
  },
  {
    "name": "Require(49) app/router.js",
    "start": 1587830632961,
    "end": 1587830632961,
    "duration": 0,
    "pid": 26005,
    "index": 67
  },
  {
    "name": "Before Start in node_modules/egg-core/lib/egg.js:303:10",
    "start": 1587830632962,
    "end": 1587830632971,
    "duration": 9,
    "pid": 26005,
    "index": 68
  }
]