{"ChunkerConfig":{"_chunkingType":1,"_minChunkSize":4096,"_avgChunkSize":8192,"_maxChunkSize":16384,"_slidingWinSize":256,"_ReadSize":128},"KeyServerConfig":{"_keyBatchSize":3000,"_keyServerPort":6666,"_sketchTableWidth":1048576,"_optimalSolverComputeItemNumberThreshold":48000,"_storageBlowPercent":0.005},"SPConfig":{"_storageServerPort":6668,"_maxContainerSize":8388608,"_RecipeRootPath":"sssss"},"client":{"_clientID":1,"_sendChunkBatchSize":1000,"_sendRecipeBatchSize":100000,"_sendShortHashMaskBitNumber":12}}